CREATE DATABASE  IF NOT EXISTS `ttest2` /*!40100 DEFAULT CHARACTER SET utf8mb4 COLLATE utf8mb4_general_ci */;
USE `ttest2`;
-- MySQL dump 10.13  Distrib 8.0.43, for Win64 (x86_64)
--
-- Host: localhost    Database: ttest2
-- ------------------------------------------------------
-- Server version	5.5.5-10.4.32-MariaDB

/*!40101 SET @OLD_CHARACTER_SET_CLIENT=@@CHARACTER_SET_CLIENT */;
/*!40101 SET @OLD_CHARACTER_SET_RESULTS=@@CHARACTER_SET_RESULTS */;
/*!40101 SET @OLD_COLLATION_CONNECTION=@@COLLATION_CONNECTION */;
/*!50503 SET NAMES utf8 */;
/*!40103 SET @OLD_TIME_ZONE=@@TIME_ZONE */;
/*!40103 SET TIME_ZONE='+00:00' */;
/*!40014 SET @OLD_UNIQUE_CHECKS=@@UNIQUE_CHECKS, UNIQUE_CHECKS=0 */;
/*!40014 SET @OLD_FOREIGN_KEY_CHECKS=@@FOREIGN_KEY_CHECKS, FOREIGN_KEY_CHECKS=0 */;
/*!40101 SET @OLD_SQL_MODE=@@SQL_MODE, SQL_MODE='NO_AUTO_VALUE_ON_ZERO' */;
/*!40111 SET @OLD_SQL_NOTES=@@SQL_NOTES, SQL_NOTES=0 */;

--
-- Table structure for table `achievements`
--

DROP TABLE IF EXISTS `achievements`;
/*!40101 SET @saved_cs_client     = @@character_set_client */;
/*!50503 SET character_set_client = utf8mb4 */;
CREATE TABLE `achievements` (
  `id` int(11) NOT NULL AUTO_INCREMENT,
  `title` varchar(255) NOT NULL,
  `description` text NOT NULL,
  `category` enum('Mastery','Performance','Activity') NOT NULL,
  `icon` varchar(50) NOT NULL,
  `icon_color` varchar(50) NOT NULL,
  `xp_reward` int(11) DEFAULT 0,
  `intelligence_reward` int(11) DEFAULT 0,
  `requirement_type` enum('course_completion','perfect_score','streak','speed','login_time','collaboration') NOT NULL,
  `requirement_value` varchar(255) NOT NULL,
  `created_at` timestamp NOT NULL DEFAULT current_timestamp(),
  PRIMARY KEY (`id`)
) ENGINE=InnoDB AUTO_INCREMENT=5 DEFAULT CHARSET=utf8mb4 COLLATE=utf8mb4_general_ci;
/*!40101 SET character_set_client = @saved_cs_client */;

--
-- Dumping data for table `achievements`
--

LOCK TABLES `achievements` WRITE;
/*!40000 ALTER TABLE `achievements` DISABLE KEYS */;
INSERT INTO `achievements` VALUES (1,'First Step','You successfully finished your first course. This is just the beginning!','Mastery','fas fa-medal','var(--color-yellow-500)',100,5,'course_completion','1','2025-11-29 04:14:56'),(2,'Web Dev Expert','Completed the entire Web Development Track.','Mastery','fas fa-laptop-code','var(--color-blue-500)',200,15,'course_completion','web_development','2025-11-29 04:14:56'),(3,'Quiz Whiz','Scored a perfect 100% on any major quiz. Precision learning!','Performance','fas fa-star','var(--color-green-400)',150,10,'perfect_score','any','2025-11-29 04:14:56'),(4,'30-Day Streak','Achieved a learning streak of 30 days. Unstoppable dedication!','Activity','fas fa-fire','var(--color-red-600)',500,30,'streak','30','2025-11-29 04:14:56');
/*!40000 ALTER TABLE `achievements` ENABLE KEYS */;
UNLOCK TABLES;

--
-- Table structure for table `assessments`
--

DROP TABLE IF EXISTS `assessments`;
/*!40101 SET @saved_cs_client     = @@character_set_client */;
/*!50503 SET character_set_client = utf8mb4 */;
CREATE TABLE `assessments` (
  `id` int(11) NOT NULL AUTO_INCREMENT,
  `name` varchar(255) NOT NULL,
  `type` enum('topic','module','final') NOT NULL,
  `topic_id` int(11) DEFAULT NULL,
  `module_id` int(11) DEFAULT NULL,
  `time_set` int(11) NOT NULL,
  `total_items` int(11) DEFAULT NULL,
  `difficulty` enum('beginner','advance','intermidiate') DEFAULT NULL,
  `course_id` int(11) DEFAULT NULL,
  PRIMARY KEY (`id`),
  KEY `topic_id` (`topic_id`),
  KEY `module_id` (`module_id`),
  KEY `assessments_ibfk_3` (`course_id`),
  CONSTRAINT `assessments_ibfk_1` FOREIGN KEY (`topic_id`) REFERENCES `topics` (`id`) ON DELETE CASCADE,
  CONSTRAINT `assessments_ibfk_2` FOREIGN KEY (`module_id`) REFERENCES `modules` (`id`) ON DELETE CASCADE,
  CONSTRAINT `assessments_ibfk_3` FOREIGN KEY (`course_id`) REFERENCES `courses` (`id`) ON DELETE NO ACTION ON UPDATE NO ACTION
) ENGINE=InnoDB AUTO_INCREMENT=28 DEFAULT CHARSET=utf8mb4 COLLATE=utf8mb4_general_ci;
/*!40101 SET character_set_client = @saved_cs_client */;

--
-- Dumping data for table `assessments`
--

LOCK TABLES `assessments` WRITE;
/*!40000 ALTER TABLE `assessments` DISABLE KEYS */;
INSERT INTO `assessments` VALUES (1,'Design tables for storing data','topic',1,1,15,10,NULL,NULL),(2,'Identify appropriate primary key','topic',2,1,10,10,NULL,NULL),(3,'Choose data types to meet requirements','topic',3,1,10,10,NULL,NULL),(4,'Design relationships between tables','topic',4,1,15,10,NULL,NULL),(5,'Normalize database','topic',5,1,15,10,NULL,NULL),(6,'Data protection measures','topic',6,1,10,10,NULL,NULL),(7,'Create, alter, and drop tables','topic',7,2,15,10,NULL,NULL),(8,'Create, alter, and drop views','topic',8,2,10,10,NULL,NULL),(9,'Stored procedures and functions','topic',9,2,15,10,NULL,NULL),(10,'Clustered vs. Non-clustered Indexes','topic',10,2,10,10,NULL,NULL),(11,'JOINs (INNER, LEFT, RIGHT, CROSS, FULL, self joins)','topic',11,3,20,10,NULL,NULL),(12,'UNION and INTERSECT','topic',12,3,10,10,NULL,NULL),(13,'DISTINCT, aliases, computed columns','topic',13,3,10,10,NULL,NULL),(14,'ORDER BY, WHERE, LIKE, BETWEEN, AND, OR, NOT, TOP/LIMIT, IN, ANY, ALL, NULL checks','topic',14,3,15,10,NULL,NULL),(15,'GROUP BY, HAVING, MIN, MAX, COUNT, AVG, SUM','topic',15,3,15,10,NULL,NULL),(16,'INSERT INTO SELECT / VALUES','topic',16,4,10,10,NULL,NULL),(17,'Update data in a single table','topic',17,4,10,10,NULL,NULL),(18,'Delete data from a single table','topic',18,4,10,10,NULL,NULL),(19,'Troubleshoot data object management query failures','topic',19,5,15,10,NULL,NULL),(20,'Troubleshoot data retrieval query failures','topic',20,5,15,10,NULL,NULL),(21,'Troubleshoot data modification query failures','topic',21,5,15,10,NULL,NULL),(22,'Comprehensive Database Design Assessment','module',NULL,1,300,15,NULL,NULL),(23,'Advanced DDL and Object Management Assessment','module',NULL,2,400,15,NULL,NULL),(24,'Advanced Data Retrieval and Query Optimization Assessment','module',NULL,3,500,15,NULL,NULL),(25,'Advanced DML and Transaction Management Assessment','module',NULL,4,350,15,NULL,NULL),(26,'Advanced Database Troubleshooting Assessment','module',NULL,5,400,15,NULL,NULL),(27,'IT Specialist – Database Final Competency Assessment','final',NULL,NULL,90,30,'advance',NULL);
/*!40000 ALTER TABLE `assessments` ENABLE KEYS */;
UNLOCK TABLES;

--
-- Table structure for table `choice_explanations`
--

DROP TABLE IF EXISTS `choice_explanations`;
/*!40101 SET @saved_cs_client     = @@character_set_client */;
/*!50503 SET character_set_client = utf8mb4 */;
CREATE TABLE `choice_explanations` (
  `id` int(11) NOT NULL AUTO_INCREMENT,
  `choice_id` int(11) NOT NULL,
  `explanation` text NOT NULL,
  `shown_when` enum('correct','incorrect') NOT NULL,
  PRIMARY KEY (`id`),
  KEY `fk_choice_explanations_choice` (`choice_id`),
  CONSTRAINT `fk_choice_explanations_choice` FOREIGN KEY (`choice_id`) REFERENCES `choices` (`id`) ON DELETE CASCADE
) ENGINE=InnoDB AUTO_INCREMENT=121 DEFAULT CHARSET=utf8mb4 COLLATE=utf8mb4_general_ci;
/*!40101 SET character_set_client = @saved_cs_client */;

--
-- Dumping data for table `choice_explanations`
--

LOCK TABLES `choice_explanations` WRITE;
/*!40000 ALTER TABLE `choice_explanations` DISABLE KEYS */;
INSERT INTO `choice_explanations` VALUES (1,1141,'Correct — a DBMS provides structured storage, multi-user access, transaction management, security, and tools for organizing and retrieving data.','correct'),(2,1142,'Incorrect — GUIs may be built on top of a DBMS, but the DBMS itself is for managing data storage and retrieval, not presenting UI.','incorrect'),(3,1143,'Incorrect — compiling and running application code is the role of compilers/ runtimes, not a DBMS.','incorrect'),(4,1144,'Incorrect — web servers host web resources; DBMS stores and manages application data accessed by web servers.','incorrect'),(5,1145,'Correct — the primary key uniquely identifies each row and is commonly used as the main row identifier.','correct'),(6,1146,'Incorrect — a foreign key references a primary key in another table and enforces relationships; it does not uniquely identify rows in its own table.','incorrect'),(7,1147,'Incorrect — indexes help performance but an index name is not the conceptual unique identifier; a primary key defines uniqueness.','incorrect'),(8,1148,'Incorrect — an alias is a temporary name in queries; it does not provide uniqueness for stored rows.','incorrect'),(9,1149,'Correct — CREATE TABLE is the SQL DDL statement used to define a new table and its columns.','correct'),(10,1150,'Incorrect — \"NEW TABLE\" is not valid SQL; the standard DDL is CREATE TABLE.','incorrect'),(11,1151,'Incorrect — MAKE TABLE is not standard SQL syntax for creating tables.','incorrect'),(12,1152,'Incorrect — ALTER TABLE changes an existing table, it does not create a new one.','incorrect'),(13,1153,'Correct — a foreign key enforces relationships by referencing a primary (or unique) key in another table and helps preserve referential integrity.','correct'),(14,1154,'Incorrect — that describes a primary key or UNIQUE constraint; a foreign key is about relationships, not uniqueness in its own table.','incorrect'),(15,1155,'Incorrect — encryption is a storage/security feature, not the role of a foreign key.','incorrect'),(16,1156,'Incorrect — indexes are separate; foreign keys are relationship constraints and not automatically created for every text column.','incorrect'),(17,1157,'Correct — normalization organizes data into tables to minimize duplication and avoid update/insert/delete anomalies.','correct'),(18,1158,'Incorrect — redundancy may speed some reads but creates anomalies; normalization aims to reduce redundancy for integrity.','incorrect'),(19,1159,'Incorrect — encryption is a security measure but not normalization’s goal.','incorrect'),(20,1160,'Incorrect — storing everything as text harms data integrity and performance; normalization is about structure and correctness.','incorrect'),(21,1161,'Correct — 1NF requires atomic (single) values in each column and removes repeating groups.','correct'),(22,1162,'Incorrect — 2NF addresses partial dependency after 1NF is satisfied.','incorrect'),(23,1163,'Incorrect — 3NF deals with transitive dependencies; repeating groups are addressed in 1NF.','incorrect'),(24,1164,'Incorrect — BCNF is a stricter version of 3NF; repeating groups belong to 1NF issues.','incorrect'),(25,1165,'Correct — WHERE filters rows before grouping or ordering, returning only rows that satisfy the condition.','correct'),(26,1166,'Incorrect — ORDER BY sorts the result set but does not filter rows.','incorrect'),(27,1167,'Incorrect — GROUP BY groups rows for aggregation; it does not filter rows (HAVING does).','incorrect'),(28,1168,'Incorrect — HAVING filters groups after aggregation, not individual rows before grouping.','incorrect'),(29,1169,'Correct — INNER JOIN returns rows only when there is a match in both joined tables.','correct'),(30,1170,'Incorrect — LEFT JOIN includes all left rows, matching where possible; unmatched right-side columns return NULL.','incorrect'),(31,1171,'Incorrect — RIGHT JOIN includes all right rows and matches left when available; it is not the inner-only behavior.','incorrect'),(32,1172,'Incorrect — FULL JOIN returns matched and unmatched rows from both sides (if supported); not the same as INNER JOIN.','incorrect'),(33,1173,'Correct — ACID stands for Atomicity, Consistency, Isolation, Durability, describing desired transaction properties.','correct'),(34,1174,'Incorrect — Availability is not part of ACID (it is a property more associated with distributed systems).','incorrect'),(35,1175,'Incorrect — Concurrency/Indexing are different concerns; ACID has specific meanings.','incorrect'),(36,1176,'Incorrect — Authorization is unrelated to the formal ACID acronym.','incorrect'),(37,1177,'Correct — UPDATE is the DML statement used to change values in existing rows.','correct'),(38,1178,'Incorrect — ALTER changes the table structure, not the data rows.','incorrect'),(39,1179,'Incorrect — SET is used inside UPDATE to assign values, but is not the statement name itself.','incorrect'),(40,1180,'Incorrect — MODIFY is not standard as the main DML command to change rows (UPDATE is).','incorrect'),(41,1181,'Correct — NOT NULL prevents inserting NULL into a column.','correct'),(42,1182,'Incorrect — UNIQUE enforces unique values but allows NULL (depending on RDBMS behavior).','incorrect'),(43,1183,'Incorrect — CHECK enforces a condition but does not specifically forbid NULLs unless the check requires it.','incorrect'),(44,1184,'Incorrect — DEFAULT provides a value when none is supplied but does not enforce non-nullability by itself.','incorrect'),(45,1185,'Correct — indexes speed up lookup at the cost of additional storage and slower writes.','correct'),(46,1186,'Incorrect — backups and replicas store copies; indexes are auxiliary structures to speed queries.','incorrect'),(47,1187,'Incorrect — encryption is unrelated to indexing purpose.','incorrect'),(48,1188,'Incorrect — normalization is a design principle, not an index function.','incorrect'),(49,1189,'Correct — DROP TABLE permanently removes the table structure and its data.','correct'),(50,1190,'Incorrect — TRUNCATE removes data but keeps the table definition.','incorrect'),(51,1191,'Incorrect — DELETE removes rows but leaves the table and can be rolled back (depending on transaction), not drop the table.','incorrect'),(52,1192,'Incorrect — ALTER TABLE ... DROP COLUMN removes a column; DROP TABLE is used to drop the full table.','incorrect'),(53,1193,'Correct — LEFT JOIN returns all left-table rows and matches right-table rows where available; unmatched right-side columns become NULL.','correct'),(54,1194,'Incorrect — RIGHT JOIN is symmetrical: it returns all right-table rows and matches left-table rows where available.','incorrect'),(55,1195,'Incorrect — INNER JOIN only returns matched rows from both tables.','incorrect'),(56,1196,'Incorrect — CROSS JOIN produces the Cartesian product, not left-preserving matches.','incorrect'),(57,1197,'Correct — 2NF removes partial dependencies (when a non-key attribute depends on part of a composite primary key), assuming 1NF is met.','correct'),(58,1198,'Incorrect — 1NF deals with atomic values and repeating groups; partial dependencies are addressed by 2NF.','incorrect'),(59,1199,'Incorrect — 3NF addresses transitive dependencies, which is a different issue than partial dependencies.','incorrect'),(60,1200,'Incorrect — BCNF is stricter than 3NF but the classic answer for partial dependencies is 2NF.','incorrect'),(61,1201,'Correct — a composite key is a key made up of multiple columns that together uniquely identify a row.','correct'),(62,1202,'Incorrect — a surrogate key is an artificial single-column key (typically auto-increment).','incorrect'),(63,1203,'Incorrect — primary key is the chosen unique identifier column(s) for the table; a composite key can be the primary key but the term composite describes multiple columns.','incorrect'),(64,1204,'Incorrect — foreign keys reference another table; composite refers to multiple columns in the key itself.','incorrect'),(65,1205,'Correct — ALTER TABLE modifies an existing table definition (add/modify/drop columns, constraints).','correct'),(66,1206,'Incorrect — MODIFY is not the standard top-level DDL; ALTER TABLE ... MODIFY is an option in some dialects but the canonical command is ALTER TABLE.','incorrect'),(67,1207,'Incorrect — CHANGE TABLE is not standard; ALTER TABLE is the correct statement.','incorrect'),(68,1208,'Incorrect — REBUILD TABLE is not a standard DDL operation for altering structure.','incorrect'),(69,1209,'Correct — ORDER BY defines the sort order for returned rows.','correct'),(70,1210,'Incorrect — GROUP BY groups rows for aggregation; sorting is done by ORDER BY.','incorrect'),(71,1211,'Incorrect — HAVING filters grouped results, it does not sort.','incorrect'),(72,1212,'Incorrect — WHERE filters rows, it doesn\'t control sort order.','incorrect'),(73,1213,'Correct — views are saved SELECT queries that present data as a virtual table without storing result rows persistently (unless materialized).','correct'),(74,1214,'Incorrect — that would be a materialized copy; a standard view is virtual and recalculates on access.','incorrect'),(75,1215,'Incorrect — stored procedures perform operations; a view is not executable code.','incorrect'),(76,1216,'Incorrect — indexes are different physical structures; views are virtual query results.','incorrect'),(77,1217,'Correct — UNIQUE ensures that all non-NULL values in a column (or group of columns) are distinct.','correct'),(78,1218,'Incorrect — NOT NULL prevents NULLs but does not guarantee uniqueness.','incorrect'),(79,1219,'Incorrect — CHECK enforces a condition; it can be part of uniqueness strategy but UNIQUE is the dedicated constraint.','incorrect'),(80,1220,'Incorrect — FOREIGN KEY enforces referential integrity to another table, not uniqueness within the column itself.','incorrect'),(81,1221,'Correct — Durability means once a transaction commits, its effects will survive subsequent failures.','correct'),(82,1222,'Incorrect — Atomicity ensures all-or-nothing behavior, not persistence after commit.','incorrect'),(83,1223,'Incorrect — Isolation deals with concurrent transactions visibility, not final persistence.','incorrect'),(84,1224,'Incorrect — Consistency ensures the database moves from one valid state to another; persistence after commit is Durability.','incorrect'),(85,1225,'Correct — TRUNCATE removes all rows quickly and resets storage but leaves the table definition intact (behavior differs slightly across RDBMS for transaction/rollback).','correct'),(86,1226,'Incorrect — DROP TABLE removes the table definition as well as its data.','incorrect'),(87,1227,'Incorrect — DELETE TABLE is not a valid SQL statement; DELETE FROM table removes rows but does not reset storage the same way TRUNCATE may.','incorrect'),(88,1228,'Incorrect — \"REMOVE ROWS\" is not a valid SQL statement.','incorrect'),(89,1229,'Correct — FULL OUTER JOIN returns matched rows plus unmatched rows from both sides; some RDBMS implement via UNION of LEFT and RIGHT JOINs.','correct'),(90,1230,'Incorrect — INNER JOIN returns only matched rows from both sides.','incorrect'),(91,1231,'Incorrect — CROSS JOIN returns the Cartesian product, not matched/unmatched rows.','incorrect'),(92,1232,'Incorrect — SELF JOIN joins a table to itself; it does not inherently return all records from both different tables.','incorrect'),(93,1233,'Correct — design review and normalization aim to remove design flaws, redundancy, and anomalies while improving maintainability.','correct'),(94,1234,'Incorrect — denormalization is sometimes used for performance but is not the primary goal of normalization or design review.','incorrect'),(95,1235,'Incorrect — Removing indexes is not a goal of normalization; indexing is a separate performance concern.','incorrect'),(96,1236,'Incorrect — single-table designs cause redundancy and anomalies; normalization encourages separation into logical tables.','incorrect'),(97,1237,'Correct — COUNT() returns the number of rows that match the query or expression.','correct'),(98,1238,'Incorrect — SUM adds numeric values; it does not count rows.','incorrect'),(99,1239,'Incorrect — AVG computes the numeric average of values.','incorrect'),(100,1240,'Incorrect — MAX returns the largest value in a column, not the row count.','incorrect'),(101,1241,'Correct — COMMIT finalizes a transaction and makes its changes permanent (subject to DB durability).','correct'),(102,1242,'Incorrect — ROLLBACK undoes the current transaction; COMMIT does the opposite (finalize).','incorrect'),(103,1243,'Incorrect — COMMIT finalizes the transaction; snapshotting/backups are different actions.','incorrect'),(104,1244,'Incorrect — BEGIN/START TRANSACTION begins a transaction; COMMIT ends and persists it.','incorrect'),(105,1245,'Correct — candidate keys are columns (or sets of columns) that could serve as the primary key because they uniquely identify rows.','correct'),(106,1246,'Incorrect — foreign keys reference primary/candidate keys in other tables and do not themselves necessarily uniquely identify rows.','incorrect'),(107,1247,'Incorrect — index keys help performance; candidate keys are about uniqueness and logical identification.','incorrect'),(108,1248,'Incorrect — composite index is about indexing; candidate key is about potential uniqueness, though a candidate key can be composite.','incorrect'),(109,1249,'Correct — INSERT INTO adds new rows to a table (via VALUES or SELECT).','correct'),(110,1250,'Incorrect — \"ADD ROW\" is not valid SQL; the standard command is INSERT INTO.','incorrect'),(111,1251,'Incorrect — \"APPEND TO\" is not SQL standard syntax.','incorrect'),(112,1252,'Incorrect — LOAD DATA is a bulk loader (MySQL LOAD DATA INFILE) but not the general DML statement INSERT INTO.','incorrect'),(113,1253,'Correct — GROUP BY groups rows with identical values in specified columns so aggregates operate per group.','correct'),(114,1254,'Incorrect — filtering before grouping is done with WHERE; HAVING filters groups after aggregation.','incorrect'),(115,1255,'Incorrect — ORDER BY sorts results; GROUP BY groups rows for aggregation.','incorrect'),(116,1256,'Incorrect — aliases or AS rename columns; GROUP BY groups rows.','incorrect'),(117,1257,'Correct — surrogate keys are synthetic identifiers created for convenience and stability (auto-increment, UUID), not derived from business attributes.','correct'),(118,1258,'Incorrect — that describes a natural key, not a surrogate key.','incorrect'),(119,1259,'Incorrect — that is a composite key; surrogate keys are single-column artificial keys.','incorrect'),(120,1260,'Incorrect — surrogate keys are persistent record identifiers, not temporary session keys.','incorrect');
/*!40000 ALTER TABLE `choice_explanations` ENABLE KEYS */;
UNLOCK TABLES;

--
-- Table structure for table `choice_learning_details`
--

DROP TABLE IF EXISTS `choice_learning_details`;
/*!40101 SET @saved_cs_client     = @@character_set_client */;
/*!50503 SET character_set_client = utf8mb4 */;
CREATE TABLE `choice_learning_details` (
  `id` int(11) NOT NULL AUTO_INCREMENT,
  `choice_id` int(11) NOT NULL,
  `advantage` text DEFAULT NULL,
  `consideration` text DEFAULT NULL,
  `created_at` timestamp NOT NULL DEFAULT current_timestamp(),
  PRIMARY KEY (`id`),
  KEY `choice_id` (`choice_id`),
  CONSTRAINT `choice_learning_details_ibfk_1` FOREIGN KEY (`choice_id`) REFERENCES `choices` (`id`) ON DELETE CASCADE
) ENGINE=InnoDB AUTO_INCREMENT=31 DEFAULT CHARSET=utf8mb4 COLLATE=utf8mb4_general_ci;
/*!40101 SET character_set_client = @saved_cs_client */;

--
-- Dumping data for table `choice_learning_details`
--

LOCK TABLES `choice_learning_details` WRITE;
/*!40000 ALTER TABLE `choice_learning_details` DISABLE KEYS */;
INSERT INTO `choice_learning_details` VALUES (1,1141,'• Organizes data efficiently for multiple users\n• Provides fast and reliable data retrieval\n• Ensures secure and controlled access','• Requires proper database design\n• Needs consistent maintenance and backups\n• Depends on indexing for performance','2025-11-30 20:31:08'),(2,1145,'• Guarantees unique identification of records\n• Improves query and lookup performance\n• Enforces strong data integrity','• Cannot contain NULL values\n• Must remain stable to avoid relational issues\n• Poorly chosen keys reduce performance','2025-11-30 20:31:08'),(3,1149,'• Allows full control of table structure\n• Supports precise datatype and constraint definition\n• Promotes well-organized database design','• Requires thoughtful planning before creation\n• Structural mistakes are costly to change\n• Overcomplicated schemas reduce performance','2025-11-30 20:31:08'),(4,1153,'• Ensures relational consistency across tables\n• Prevents orphaned or invalid references\n• Helps maintain structured multi-table data','• May slow insert/update operations due to checks\n• Requires careful indexing strategies\n• Cascading rules must be planned properly','2025-11-30 20:31:08'),(5,1157,'• Reduces redundant data storage\n• Prevents anomalies during updates and deletions\n• Improves overall data consistency','• Excessive normalization increases join complexity\n• May reduce query performance if overused\n• Requires strong understanding of schema design','2025-11-30 20:31:08'),(6,1161,'• Eliminates repeating groups and multivalued columns\n• Creates cleaner and more predictable table structures\n• Simplifies data entry and validation','• Does not remove deeper dependency issues\n• Sometimes increases the number of tables\n• Requires additional normalization for full optimization','2025-11-30 20:31:08'),(7,1165,'• Allows precise filtering of query results\n• Reduces unnecessary data returns\n• Improves performance on large datasets','• Poorly written conditions slow queries\n• Requires understanding of logical operators\n• Must be indexed properly for efficiency','2025-11-30 20:31:08'),(8,1169,'• Retrieves only matching data between tables\n• Efficient and commonly used join type\n• Helps ensure accurate relational results','• Requires proper key relationships\n• Query cost increases with large tables\n• Missing indexes lead to slow performance','2025-11-30 20:31:08'),(9,1173,'• Ensures reliable and predictable transactions\n• Prevents inconsistent or partial changes\n• Maintains long-term data integrity','• Transaction locks can affect concurrency\n• Requires storage support for durability\n• Improper use may reduce performance','2025-11-30 20:31:08'),(10,1177,'• Allows controlled modification of existing data\n• Ideal for correcting or updating records\n• Works efficiently on indexed tables','• Incorrect updates may corrupt data\n• Requires strict WHERE filtering\n• Large batch updates can cause locking','2025-11-30 20:31:08'),(11,1181,'• Ensures critical fields always contain a value\n• Prevents incomplete or invalid data entry\n• Strengthens data accuracy','• Must be combined with validation rules\n• Cannot be applied to optional fields\n• May require default values to avoid errors','2025-11-30 20:31:08'),(12,1185,'• Improves read/query performance significantly\n• Enables fast lookup based on key columns\n• Optimizes large dataset operations','• Over-indexing slows inserts and updates\n• Requires periodic maintenance\n• Uses additional storage space','2025-11-30 20:31:08'),(13,1189,'• Permanently removes an entire table\n• Clears unused or obsolete structures\n• Helps maintain a clean database schema','• Data removed cannot be recovered\n• May break dependencies with other tables\n• Requires caution in production systems','2025-11-30 20:31:08'),(14,1193,'• Retrieves all rows from the left table\n• Ensures no data loss from the primary table\n• Useful when partial matches are acceptable','• May produce large result sets\n• Can hide referential issues\n• Requires indexing on join keys','2025-11-30 20:31:08'),(15,1197,'• Removes partial dependencies\n• Improves logical data organization\n• Reduces update anomalies','• Requires understanding of functional dependencies\n• Over-normalization may hinder performance\n• Often increases join complexity','2025-11-30 20:31:08'),(16,1201,'• Enables unique identification using multiple fields\n• Useful when no single attribute is unique\n• Supports flexible key design','• Can become large and inefficient\n• Harder to use in foreign key references\n• Changes in any column affect the key','2025-11-30 20:31:08'),(17,1205,'• Modifies table structures without recreation\n• Supports adding/removing columns easily\n• Essential for iterative schema evolution','• Frequent changes can affect stability\n• May require downtime for large tables\n• Wrong modifications can break constraints','2025-11-30 20:31:08'),(18,1209,'• Allows sorting of query results\n• Improves readability and organization\n• Supports both ascending and descending order','• Sorting adds processing cost\n• Large datasets require indexing\n• Overuse can degrade performance','2025-11-30 20:31:08'),(19,1213,'• Simplifies complex queries into reusable objects\n• Provides abstraction for security\n• Reduces repeated query logic','• Views may become slow with complex logic\n• Cannot always be indexed\n• Requires synchronization with schema changes','2025-11-30 20:31:08'),(20,1217,'• Guarantees unique values in specific columns\n• Prevents accidental duplicates\n• Strengthens overall data reliability','• Requires proper indexing\n• May cause insert conflicts\n• Needs clear understanding of uniqueness rules','2025-11-30 20:31:08'),(21,1221,'• Ensures transaction results persist after commit\n• Prevents accidental loss of completed changes\n• Enhances reliability of mission-critical systems','• Requires robust storage management\n• May increase write costs\n• Needs proper configuration for durability','2025-11-30 20:31:08'),(22,1225,'• Quickly removes all rows from a table\n• Faster than DELETE due to minimal logging\n• Frees storage space efficiently','• Cannot be rolled back in some systems\n• Cannot use WHERE filtering\n• Requires caution on production data','2025-11-30 20:31:08'),(23,1229,'• Combines all matched and unmatched rows\n• Useful for complex reporting needs\n• Ensures no data loss from either table','• Produces very large results\n• Requires strong indexing\n• Can be expensive to execute','2025-11-30 20:31:08'),(24,1233,'• Improves long-term database health\n• Reduces logical design flaws\n• Enhances maintainability and performance','• Requires deep analysis effort\n• May involve restructuring\n• Needs experienced designers','2025-11-30 20:31:08'),(25,1237,'• Provides quick row counts\n• Useful for reporting and summaries\n• Works well with GROUP BY','• Can be slow on large tables\n• Requires indexing for performance\n• COUNT(*) may scan entire tables','2025-11-30 20:31:08'),(26,1241,'• Saves all changes permanently\n• Marks the end of a successful transaction\n• Ensures stable and predictable updates','• Cannot undo after commit\n• Requires careful transaction control\n• Misuse may cause unintended changes','2025-11-30 20:31:08'),(27,1245,'• Provides multiple candidate choices for primary keys\n• Ensures strong data uniqueness\n• Improves flexibility in schema design','• Must choose the most stable candidate\n• Poor selection impacts performance\n• Requires understanding of functional dependencies','2025-11-30 20:31:08'),(28,1249,'• Simplifies adding new rows to tables\n• Works efficiently with predefined structures\n• Supports batch insertion of multiple records','• Requires matching column order or names\n• Missing/extra values cause errors\n• Poor input validation leads to bad data','2025-11-30 20:31:08'),(29,1253,'• Groups related rows for aggregation\n• Enables meaningful summary results\n• Works well with COUNT, SUM, AVG and more','• Requires indexed grouping columns\n• Incorrect grouping gives wrong results\n• Large groups can slow processing','2025-11-30 20:31:08'),(30,1257,'• Ensures unique artificial identifiers\n• Avoids dependency on business data\n• Simplifies foreign key references','• Must avoid exposing surrogate keys externally\n• Does not guarantee meaningful identifiers\n• Requires careful mapping in applications','2025-11-30 20:31:08');
/*!40000 ALTER TABLE `choice_learning_details` ENABLE KEYS */;
UNLOCK TABLES;

--
-- Table structure for table `choices`
--

DROP TABLE IF EXISTS `choices`;
/*!40101 SET @saved_cs_client     = @@character_set_client */;
/*!50503 SET character_set_client = utf8mb4 */;
CREATE TABLE `choices` (
  `id` int(11) NOT NULL AUTO_INCREMENT,
  `choice` text NOT NULL,
  `question_id` int(11) DEFAULT NULL,
  `is_correct` tinyint(1) DEFAULT 0,
  PRIMARY KEY (`id`),
  KEY `question_id` (`question_id`),
  CONSTRAINT `choices_ibfk_1` FOREIGN KEY (`question_id`) REFERENCES `questions` (`id`) ON DELETE CASCADE
) ENGINE=InnoDB AUTO_INCREMENT=1261 DEFAULT CHARSET=utf8mb4 COLLATE=utf8mb4_general_ci;
/*!40101 SET character_set_client = @saved_cs_client */;

--
-- Dumping data for table `choices`
--

LOCK TABLES `choices` WRITE;
/*!40000 ALTER TABLE `choices` DISABLE KEYS */;
INSERT INTO `choices` VALUES (1,'Atomic values (each column holds a single atomic value)',1,1),(2,'Composite keys (combine multiple columns)',1,0),(3,'Data redundancy (duplicate data across tables)',1,0),(4,'Index fragmentation (index physical layout issue)',1,0),(5,'Use singular nouns for table names (e.g., Customer)',2,1),(6,'Use plural nouns for table names (e.g., Customers)',2,0),(7,'Include spaces in table names for readability',2,0),(8,'Embed the data type in the table name (e.g., users_str)',2,0),(9,'PRIMARY KEY constraint',3,1),(10,'NOT NULL constraint',3,0),(11,'CHECK constraint',3,0),(12,'UNIQUE INDEX only on non-key columns',3,0),(13,'To store standardized reference values used by multiple tables',4,1),(14,'To store large unstructured documents like PDFs',4,0),(15,'To denormalize data for read performance',4,0),(16,'To store binary files and blobs',4,0),(17,'Resolve many-to-many relationships between two tables',5,1),(18,'Store database audit logs for changes',5,0),(19,'Encrypt sensitive columns',5,0),(20,'Hold primary key values for lookup',5,0),(21,'DECIMAL (fixed-point) with appropriate precision and scale',6,1),(22,'FLOAT (approximate floating point)',6,0),(23,'VARCHAR (variable-length string)',6,0),(24,'BLOB (binary large object)',6,0),(25,'Provides stability and smaller indexed keys for joins',7,1),(26,'Makes every row human-readable without joins',7,0),(27,'Automatically prevents NULLs in unrelated columns',7,0),(28,'Guarantees no need for foreign keys',7,0),(29,'Define and enforce constraints (NOT NULL, CHECK, FOREIGN KEY)',8,1),(30,'Allow NULL in every column to accept all values',8,0),(31,'Rely only on application code for validation',8,0),(32,'Avoid constraints and fix data with periodic scripts',8,0),(33,'Create a separate employee_phones table linked by employee_id',9,1),(34,'Add columns phone1, phone2, phone3 to employees table',9,0),(35,'Store all phone numbers as a comma-separated list in one VARCHAR column',9,0),(36,'Keep phone numbers in a single JSON column without relation',9,0),(37,'Plan a proper indexing strategy and consider partitioning',10,1),(38,'Use TEXT for all columns to save schema design time',10,0),(39,'Disable all indexes to maximize insert speed',10,0),(40,'Combine all historical data into one large materialized view',10,0),(41,'It must uniquely identify each row',11,1),(42,'It should allow duplicate values for flexibility',11,0),(43,'It must always be a string type',11,0),(44,'It should change frequently to reflect business data',11,0),(45,'They are simple, stable, and independent of business changes',12,1),(46,'They guarantee better human readability',12,0),(47,'They eliminate the need for foreign keys',12,0),(48,'They store multiple attributes in one field',12,0),(49,'A key made up of two or more columns to ensure uniqueness',13,1),(50,'A primary key that references another table',13,0),(51,'A surrogate key generated by the database',13,0),(52,'A primary key that can store NULL values',13,0),(53,'Integer (INT or BIGINT)',14,1),(54,'Text (VARCHAR)',14,0),(55,'Boolean',14,0),(56,'Blob',14,0),(57,'No, because emails may change and break relationships',15,1),(58,'Yes, because emails are always unique and stable',15,0),(59,'Yes, but only if combined with a password',15,0),(60,'No, because primary keys cannot be strings',15,0),(61,'An index on the primary key column(s)',16,1),(62,'A trigger to enforce integrity',16,0),(63,'A sequence of audit logs',16,0),(64,'A foreign key in all other tables automatically',16,0),(65,'Indexing becomes slower and storage requirements increase',17,1),(66,'The database rejects the definition',17,0),(67,'The column cannot store NULL values',17,0),(68,'It will always perform better in joins',17,0),(69,'CREATE TABLE products (product_id INT AUTO_INCREMENT PRIMARY KEY, name VARCHAR(100));',18,1),(70,'CREATE TABLE products (product_id VARCHAR(100) PRIMARY KEY, name VARCHAR(100));',18,0),(71,'CREATE TABLE products (PRIMARY KEY(name), product_id INT);',18,0),(72,'CREATE TABLE products (product_id INT, name VARCHAR(100));',18,0),(73,'A composite key of (order_id, product_id)',19,1),(74,'A surrogate key with auto-increment only',19,0),(75,'Only order_id should be primary key',19,0),(76,'Only product_id should be primary key',19,0),(77,'They are large and may cause index fragmentation',20,1),(78,'They cannot be generated programmatically',20,0),(79,'They are not supported in relational databases',20,0),(80,'They always break referential integrity',20,0),(81,'Expected range and size of the data',21,1),(82,'The color scheme of the database diagram',21,0),(83,'How many users are in the company',21,0),(84,'The number of tables in the schema',21,0),(85,'INT',22,1),(86,'VARCHAR',22,0),(87,'DATE',22,0),(88,'DECIMAL',22,0),(89,'TEXT',23,1),(90,'BOOLEAN',23,0),(91,'INT',23,0),(92,'DATE',23,0),(93,'DECIMAL with precision and scale (e.g., DECIMAL(10,2))',24,1),(94,'FLOAT (approximate floating-point)',24,0),(95,'VARCHAR',24,0),(96,'BOOLEAN',24,0),(97,'Saves storage space for variable-length strings',25,1),(98,'Prevents NULL values from being stored',25,0),(99,'Makes joins faster in all cases',25,0),(100,'Automatically indexes every column',25,0),(101,'DATETIME',26,1),(102,'DATE only',26,0),(103,'TIME only',26,0),(104,'VARCHAR storing formatted text',26,0),(105,'DECIMAL avoids rounding errors in financial calculations',27,1),(106,'DECIMAL requires less storage in all cases',27,0),(107,'DECIMAL allows storing images and multimedia',27,0),(108,'DECIMAL enforces referential integrity automatically',27,0),(109,'BOOLEAN (true/false)',28,1),(110,'BLOB',28,0),(111,'VARCHAR(255)',28,0),(112,'FLOAT',28,0),(113,'Overflow errors or incorrect values being stored',29,1),(114,'Database automatically adds extra digits',29,0),(115,'Values are silently converted to VARCHAR',29,0),(116,'Queries will always run faster',29,0),(117,'TIMESTAMP',30,1),(118,'DATE',30,0),(119,'TEXT',30,0),(120,'BOOLEAN',30,0),(121,'Foreign key',31,1),(122,'Primary key only',31,0),(123,'Unique index',31,0),(124,'Check constraint',31,0),(125,'One-to-many (1:M)',32,1),(126,'One-to-one (1:1)',32,0),(127,'Many-to-many (M:N)',32,0),(128,'Self-join',32,0),(129,'FOREIGN KEY',33,1),(130,'DEFAULT',33,0),(131,'CHECK',33,0),(132,'INDEX',33,0),(133,'Create a junction table with student_id and course_id',34,1),(134,'Add a course_id column directly into the students table',34,0),(135,'Store enrolled course IDs as comma-separated values',34,0),(136,'Use only a primary key on courses',34,0),(137,'Automatically deletes related child rows when a parent row is deleted',35,1),(138,'Prevents any rows from being deleted',35,0),(139,'Duplicates the parent row before deletion',35,0),(140,'Forces NULL into every related column',35,0),(141,'Each person has exactly one passport',36,1),(142,'Each customer can place many orders',36,0),(143,'Each course has many enrolled students',36,0),(144,'Each product appears in multiple orders',36,0),(145,'customer_id in the orders table',37,1),(146,'order_id in the customers table',37,0),(147,'email in the orders table',37,0),(148,'primary key in the orders table',37,0),(149,'To improve join performance',38,1),(150,'To make them nullable',38,0),(151,'To automatically enforce cascade rules',38,0),(152,'To reduce the need for primary keys',38,0),(153,'Whether a relationship must exist or can be optional',39,1),(154,'The maximum number of relationships allowed',39,0),(155,'The indexing method used in joins',39,0),(156,'The choice of surrogate vs. natural keys',39,0),(157,'One-to-many (one department, many employees)',40,1),(158,'One-to-one (one department, one employee)',40,0),(159,'Many-to-many (many employees, many departments)',40,0),(160,'Self-referencing relationship',40,0),(161,'Reduce redundancy and improve data integrity',41,1),(162,'Maximize storage usage',41,0),(163,'Allow duplicate data across all tables',41,0),(164,'Make queries less efficient',41,0),(165,'First Normal Form (1NF)',42,1),(166,'Second Normal Form (2NF)',42,0),(167,'Third Normal Form (3NF)',42,0),(168,'Boyce-Codd Normal Form (BCNF)',42,0),(169,'Second Normal Form (2NF)',43,1),(170,'First Normal Form (1NF)',43,0),(171,'Third Normal Form (3NF)',43,0),(172,'Fourth Normal Form (4NF)',43,0),(173,'Third Normal Form (3NF)',44,1),(174,'First Normal Form (1NF)',44,0),(175,'Second Normal Form (2NF)',44,0),(176,'Boyce-Codd Normal Form (BCNF)',44,0),(177,'Move customer info to a separate Customers table',45,1),(178,'Keep all fields in Orders table for simplicity',45,0),(179,'Store customer name in a lookup table only',45,0),(180,'Add more redundant fields for faster reads',45,0),(181,'When one attribute uniquely determines another attribute',46,1),(182,'When attributes are unrelated to each other',46,0),(183,'When every column is NULLABLE',46,0),(184,'When two tables share the same primary key',46,0),(185,'Too many joins required, hurting performance',47,1),(186,'Guaranteed data inconsistency',47,0),(187,'Loss of referential integrity',47,0),(188,'Eliminates the need for primary keys',47,0),(189,'Denormalization (adding redundancy for speed)',48,1),(190,'Using only text columns for all data',48,0),(191,'Removing indexes completely',48,0),(192,'Allowing NULL in every column',48,0),(193,'Every determinant in the table must be a candidate key',49,1),(194,'All attributes depend only on a surrogate key',49,0),(195,'All tables must contain at least one foreign key',49,0),(196,'All columns must be strings',49,0),(197,'Document and justify the reason for denormalization',50,1),(198,'Never use indexes on denormalized tables',50,0),(199,'Mix unrelated data in a single table',50,0),(200,'Ignore referential integrity rules',50,0),(201,'Authentication and authorization',51,1),(202,'Data redundancy',51,0),(203,'Indexing',51,0),(204,'Denormalization',51,0),(205,'GRANT',52,1),(206,'SELECT',52,0),(207,'INSERT',52,0),(208,'ROLLBACK',52,0),(209,'Hashing with salt',53,1),(210,'Storing as plain text',53,0),(211,'Encoding with Base64',53,0),(212,'Saving in a spreadsheet',53,0),(213,'Encryption (e.g., TLS/SSL)',54,1),(214,'Normalization',54,0),(215,'Index optimization',54,0),(216,'Replication',54,0),(217,'Auditing/Logs',55,1),(218,'Foreign keys',55,0),(219,'Check constraints',55,0),(220,'Backup schedules',55,0),(221,'Principle of least privilege',56,1),(222,'Open access policy',56,0),(223,'Denormalization principle',56,0),(224,'Maximum availability principle',56,0),(225,'Use parameterized queries (prepared statements)',57,1),(226,'Allow dynamic SQL concatenation',57,0),(227,'Disable user authentication',57,0),(228,'Store all input in VARCHAR fields',57,0),(229,'Regular database backups and replication',58,1),(230,'Adding more VARCHAR columns',58,0),(231,'Denormalizing the schema',58,0),(232,'Using more foreign keys',58,0),(233,'Encryption',59,1),(234,'Indexing',59,0),(235,'Clustering',59,0),(236,'Caching',59,0),(237,'Revoke their access and credentials immediately',60,1),(238,'Archive their queries for future use',60,0),(239,'Leave the account active for convenience',60,0),(240,'Share the account with other employees',60,0),(241,'CREATE TABLE',61,1),(242,'ALTER TABLE',61,0),(243,'INSERT INTO',61,0),(244,'DROP TABLE',61,0),(245,'DROP TABLE',62,1),(246,'DELETE FROM',62,0),(247,'TRUNCATE TABLE',62,0),(248,'ALTER TABLE',62,0),(249,'ALTER TABLE',63,1),(250,'DROP TABLE',63,0),(251,'TRUNCATE TABLE',63,0),(252,'INSERT INTO',63,0),(253,'ALTER TABLE users ADD email VARCHAR(100);',64,1),(254,'CREATE TABLE users ADD email VARCHAR(100);',64,0),(255,'INSERT INTO users ADD email VARCHAR(100);',64,0),(256,'UPDATE users ADD email VARCHAR(100);',64,0),(257,'The table and all its data are permanently removed',65,1),(258,'Only the rows are deleted, structure remains',65,0),(259,'The table is archived automatically',65,0),(260,'Only indexes are dropped',65,0),(261,'PRIMARY KEY',66,1),(262,'FOREIGN KEY',66,0),(263,'INDEX',66,0),(264,'CHECK',66,0),(265,'ALTER TABLE table_name MODIFY column_name VARCHAR(new_size);',67,1),(266,'CREATE TABLE again with larger size',67,0),(267,'UPDATE column_name SET size=new_size;',67,0),(268,'DROP TABLE and recreate',67,0),(269,'TRUNCATE TABLE',68,1),(270,'DROP TABLE',68,0),(271,'DELETE * FROM',68,0),(272,'ALTER TABLE',68,0),(273,'ALTER TABLE old_name RENAME TO new_name;',69,1),(274,'UPDATE TABLE old_name TO new_name;',69,0),(275,'RENAME old_name TO new_name;',69,0),(276,'CREATE TABLE new_name AS old_name;',69,0),(277,'DROP TABLE IF EXISTS table_name;',70,1),(278,'DROP TABLE SAFE table_name;',70,0),(279,'ALTER TABLE REMOVE IF EXISTS table_name;',70,0),(280,'DELETE TABLE IF EXISTS table_name;',70,0),(281,'CREATE VIEW',71,1),(282,'ALTER VIEW',71,0),(283,'INSERT VIEW',71,0),(284,'DROP VIEW',71,0),(285,'A virtual table based on a SELECT query',72,1),(286,'A physical copy of a table',72,0),(287,'A stored procedure',72,0),(288,'A trigger',72,0),(289,'DROP VIEW',73,1),(290,'DELETE VIEW',73,0),(291,'REMOVE VIEW',73,0),(292,'ALTER VIEW',73,0),(293,'CREATE OR REPLACE VIEW',74,1),(294,'ALTER TABLE',74,0),(295,'UPDATE VIEW',74,0),(296,'MODIFY VIEW',74,0),(297,'The data remains intact in underlying tables',75,1),(298,'All underlying tables are dropped',75,0),(299,'All data in the database is deleted',75,0),(300,'The view data is permanently erased from disk',75,0),(301,'Simple view',76,1),(302,'Materialized view',76,0),(303,'Backup table',76,0),(304,'Temporary table',76,0),(305,'AS followed by a SELECT statement',77,1),(306,'WHERE clause only',77,0),(307,'GROUP BY clause only',77,0),(308,'INSERT statement',77,0),(309,'A WHERE department = \"HR\" condition in the SELECT statement',78,1),(310,'A JOIN with unrelated tables',78,0),(311,'A DROP TABLE command',78,0),(312,'An index on department column only',78,0),(313,'CREATE OR REPLACE VIEW view_name AS ...',79,1),(314,'ALTER VIEW view_name MODIFY ...',79,0),(315,'UPDATE view_name SET ...',79,0),(316,'RENAME VIEW view_name ...',79,0),(317,'Provide data abstraction and simplify complex queries',80,1),(318,'Permanently store all data for faster access',80,0),(319,'Eliminate the need for primary keys',80,0),(320,'Guarantee automatic performance improvements',80,0),(321,'A precompiled set of SQL statements stored in the database',81,1),(322,'A physical copy of a table',81,0),(323,'A type of trigger that runs on insert',81,0),(324,'A database index',81,0),(325,'A routine that returns a single value',82,1),(326,'A stored procedure that modifies data',82,0),(327,'A materialized view',82,0),(328,'A database schema object without code',82,0),(329,'DROP PROCEDURE',83,1),(330,'DELETE PROCEDURE',83,0),(331,'REMOVE PROCEDURE',83,0),(332,'ALTER PROCEDURE',83,0),(333,'Stored procedure',84,1),(334,'Function',84,0),(335,'Index',84,0),(336,'Trigger',84,0),(337,'RETURNS clause',85,1),(338,'INSERT clause',85,0),(339,'DELETE clause',85,0),(340,'DROP clause',85,0),(341,'They can contain multiple SQL statements and do not require a return value',86,1),(342,'They must always return exactly one value',86,0),(343,'They cannot accept parameters',86,0),(344,'They automatically create indexes',86,0),(345,'Function',87,1),(346,'Stored procedure',87,0),(347,'View',87,0),(348,'Trigger',87,0),(349,'CALL',88,1),(350,'EXECUTE FUNCTION',88,0),(351,'RUN',88,0),(352,'EXEC SQL',88,0),(353,'Improved performance through precompiled execution',89,1),(354,'Automatic creation of foreign keys',89,0),(355,'Unlimited automatic rollback',89,0),(356,'Index optimization by default',89,0),(357,'Functions can update multiple rows in a table',90,1),(358,'Functions must return a value',90,0),(359,'Functions can be used in SELECT statements',90,0),(360,'Functions can take parameters',90,0),(361,'A foreign key',91,0),(362,'An index stored separately from the data',91,0),(363,'An index that defines the physical order of data in a table',91,1),(364,'A primary key',91,0),(365,'None are allowed',92,0),(366,'One per column',92,0),(367,'Only one clustered index per table',92,1),(368,'Unlimited clustered indexes',92,0),(369,'A synonym for clustered index',93,0),(370,'An index stored separately from the table that points to rows',93,1),(371,'An index that reorganizes the table physically',93,0),(372,'An index that stores only foreign keys',93,0),(373,'No index',94,0),(374,'Clustered index on customer_id',94,1),(375,'Full-text index on customer notes',94,0),(376,'Non-clustered index on unrelated column',94,0),(377,'It duplicates data into another table',95,0),(378,'It arranges rows in sorted order based on the indexed column',95,1),(379,'It prevents NULLs in the column',95,0),(380,'It stores rows randomly',95,0),(381,'Composite clustered index',96,0),(382,'Clustered index',96,0),(383,'Non-clustered index',96,1),(384,'Foreign key index',96,0),(385,'SELECT',97,0),(386,'ROLLBACK',97,0),(387,'INSERT, UPDATE, DELETE',97,1),(388,'JOIN',97,0),(389,'Clustered index on primary key',98,0),(390,'Non-clustered index on email',98,1),(391,'Text index on description',98,0),(392,'Foreign key index',98,0),(393,'An index that includes all needed columns for a query',99,1),(394,'A clustered index on multiple columns',99,0),(395,'An index used only in stored procedures',99,0),(396,'An index only for joins',99,0),(397,'They store pointers to the actual data rows',100,1),(398,'They prevent duplicate values',100,0),(399,'They physically order the data in the table',100,0),(400,'They always include all columns',100,0),(401,'LEFT JOIN',101,0),(402,'INNER JOIN',101,1),(403,'RIGHT JOIN',101,0),(404,'FULL JOIN',101,0),(405,'RIGHT JOIN',102,0),(406,'INNER JOIN',102,0),(407,'CROSS JOIN',102,0),(408,'LEFT JOIN',102,1),(409,'INNER JOIN',103,0),(410,'LEFT JOIN',103,0),(411,'RIGHT JOIN',103,0),(412,'FULL JOIN',103,1),(413,'INNER JOIN',104,0),(414,'LEFT JOIN',104,0),(415,'CROSS JOIN',104,1),(416,'FULL JOIN',104,0),(417,'INNER JOIN',105,0),(418,'CROSS JOIN',105,0),(419,'LEFT JOIN',105,1),(420,'FULL JOIN',105,1),(421,'INNER JOIN',106,0),(422,'FULL JOIN',106,0),(423,'CROSS JOIN',106,0),(424,'SELF JOIN',106,1),(425,'LEFT JOIN',107,0),(426,'INNER JOIN',107,0),(427,'CROSS JOIN',107,0),(428,'RIGHT JOIN',107,1),(429,'INNER JOIN',108,0),(430,'RIGHT JOIN',108,0),(431,'CROSS JOIN',108,0),(432,'LEFT JOIN',108,1),(433,'LEFT JOIN',109,0),(434,'RIGHT JOIN',109,0),(435,'FULL JOIN',109,0),(436,'INNER JOIN',109,1),(437,'It only returns matching rows',110,0),(438,'It requires a foreign key relationship',110,0),(439,'It excludes NULL values by default',110,0),(440,'It produces the Cartesian product of two tables',110,1),(441,'INTERSECT',111,0),(442,'UNION ALL',111,0),(443,'JOIN',111,0),(444,'UNION',111,1),(445,'UNION',112,0),(446,'FULL JOIN',112,0),(447,'UNION ALL',112,0),(448,'INTERSECT',112,1),(449,'INTERSECT',113,0),(450,'UNION',113,0),(451,'DISTINCT',113,0),(452,'UNION ALL',113,1),(453,'UNION ALL',114,0),(454,'INTERSECT',114,0),(455,'JOIN',114,0),(456,'UNION',114,1),(457,'UNION',115,0),(458,'UNION ALL',115,0),(459,'LEFT JOIN',115,0),(460,'INTERSECT',115,1),(461,'Both queries must use the same WHERE clause',116,0),(462,'Both queries must query the same table',116,0),(463,'Both queries must include ORDER BY',116,0),(464,'Both queries must return the same number of columns with compatible data types',116,1),(465,'INTERSECT',117,0),(466,'UNION',117,0),(467,'JOIN',117,0),(468,'UNION ALL',117,1),(469,'GROUP BY',118,0),(470,'HAVING',118,0),(471,'DISTINCT',118,0),(472,'ORDER BY',118,1),(473,'UNION',119,0),(474,'UNION ALL',119,0),(475,'EXCEPT',119,0),(476,'INTERSECT',119,1),(477,'It returns all rows from both queries',120,0),(478,'It removes duplicates across combined queries',120,0),(479,'It works exactly the same as UNION ALL',120,0),(480,'It returns only the rows that appear in both queries',120,1),(481,'UNIQUE',121,0),(482,'DIFFERENT',121,0),(483,'ALL',121,0),(484,'DISTINCT',121,1),(485,'ALIAS',122,0),(486,'RENAME',122,0),(487,'WITH',122,0),(488,'AS',122,1),(489,'Foreign key',123,0),(490,'Primary key',123,0),(491,'Constraint',123,0),(492,'Computed column',123,1),(493,'LIKE',124,0),(494,'WITH',124,0),(495,'FROM',124,0),(496,'AS',124,1),(497,'It only applies to the first column',125,0),(498,'It throws an error',125,0),(499,'It ignores the DISTINCT keyword',125,0),(500,'It removes duplicate combinations of those columns',125,1),(501,'SELECT * FROM orders;',126,0),(502,'SELECT DISTINCT orders;',126,0),(503,'SELECT WHERE price > 100;',126,0),(504,'SELECT price * quantity AS total FROM orders;',126,1),(505,'SELECT customer_full_name TO Name FROM customers;',127,0),(506,'SELECT customer_full_name RENAME Name FROM customers;',127,0),(507,'SELECT customer_full_name NAME FROM customers;',127,0),(508,'SELECT customer_full_name AS Name FROM customers;',127,1),(509,'It always speeds up queries',128,0),(510,'It permanently deletes duplicates',128,0),(511,'It can only be used with numeric columns',128,0),(512,'It may increase query cost due to sorting and comparison',128,1),(513,'JOIN',129,0),(514,'ON',129,0),(515,'WHERE',129,0),(516,'AS',129,1),(517,'They must be stored physically in the table',130,0),(518,'They cannot be aliased',130,0),(519,'They must always use DISTINCT',130,0),(520,'They can be arithmetic expressions in SELECT',130,1),(521,'ORDER BY',131,0),(522,'GROUP BY',131,0),(523,'HAVING',131,0),(524,'WHERE',131,1),(525,'WHERE',132,0),(526,'SELECT',132,0),(527,'GROUP BY',132,0),(528,'ORDER BY',132,1),(529,'IN',133,0),(530,'BETWEEN',133,0),(531,'EXISTS',133,0),(532,'LIKE',133,1),(533,'LIKE',134,0),(534,'BETWEEN',134,0),(535,'NOT',134,0),(536,'IN',134,1),(537,'salary > 3000 OR salary < 5000',135,0),(538,'salary = 3000,5000',135,0),(539,'salary LIKE \"3000-5000\"',135,0),(540,'salary BETWEEN 3000 AND 5000',135,1),(541,'= NULL',136,0),(542,'NULL()',136,0),(543,'CHECK NULL',136,0),(544,'IS NULL',136,1),(545,'GROUP BY',137,0),(546,'HAVING',137,0),(547,'ALL',137,0),(548,'TOP or LIMIT',137,1),(549,'AND',138,0),(550,'OR',138,0),(551,'IN',138,0),(552,'NOT',138,1),(553,'ANY',139,0),(554,'IN',139,0),(555,'BETWEEN',139,0),(556,'ALL',139,1),(557,'It is applied after ORDER BY',140,0),(558,'It can only be used with numeric columns',140,0),(559,'It automatically removes duplicates',140,0),(560,'It filters rows before grouping or ordering',140,1),(561,'HAVING',141,0),(562,'ORDER BY',141,0),(563,'WHERE',141,0),(564,'GROUP BY',141,1),(565,'GROUP BY',142,0),(566,'WHERE',142,0),(567,'ORDER BY',142,0),(568,'HAVING',142,1),(569,'MAX()',143,0),(570,'AVG()',143,0),(571,'COUNT()',143,0),(572,'MIN()',143,1),(573,'MIN()',144,0),(574,'SUM()',144,0),(575,'AVG()',144,0),(576,'MAX()',144,1),(577,'SUM()',145,0),(578,'AVG()',145,0),(579,'MIN()',145,0),(580,'COUNT()',145,1),(581,'SUM()',146,0),(582,'MAX()',146,0),(583,'COUNT()',146,0),(584,'AVG()',146,1),(585,'COUNT()',147,0),(586,'AVG()',147,0),(587,'MIN()',147,0),(588,'SUM()',147,1),(589,'DISTINCT()',148,0),(590,'UNIQUE()',148,0),(591,'TOTAL()',148,0),(592,'COUNT(*)',148,1),(593,'Aggregate functions only work without GROUP BY',149,0),(594,'GROUP BY removes duplicates automatically',149,0),(595,'HAVING must always be used with MIN()',149,0),(596,'Aggregate functions summarize data when combined with GROUP BY',149,1),(597,'WHERE SUM(salary) > 50000',150,0),(598,'ORDER BY SUM(salary) > 50000',150,0),(599,'GROUP BY SUM(salary) > 50000',150,0),(600,'HAVING SUM(salary) > 50000',150,1),(601,'ADD INTO',151,0),(602,'UPDATE INTO',151,0),(603,'APPEND INTO',151,0),(604,'INSERT INTO',151,1),(605,'INSERT table_name col1, col2 (val1, val2);',152,0),(606,'INSERT (col1, col2) INTO table_name VALUES (val1, val2);',152,0),(607,'ADD (col1, col2) INTO table_name (val1, val2);',152,0),(608,'INSERT INTO table_name (col1, col2) VALUES (val1, val2);',152,1),(609,'INSERT MULTIPLE INTO table_name VALUES ...',153,0),(610,'INSERT INTO table_name ROWS (val1, val2), (val3, val4);',153,0),(611,'INSERT BATCH INTO table_name VALUES ...',153,0),(612,'INSERT INTO table_name VALUES (val1, val2), (val3, val4);',153,1),(613,'INSERT tableB FROM tableA;',154,0),(614,'COPY INTO tableB tableA;',154,0),(615,'JOIN tableA INTO tableB;',154,0),(616,'INSERT INTO tableB SELECT * FROM tableA;',154,1),(617,'WHERE',155,0),(618,'GROUP BY',155,0),(619,'ORDER BY',155,0),(620,'SELECT',155,1),(621,'The system inserts NULL automatically',156,0),(622,'The system inserts 0 automatically',156,0),(623,'The row is ignored silently',156,0),(624,'The statement fails with an error',156,1),(625,'SYSDATEONLY()',157,0),(626,'DATEONLY()',157,0),(627,'TIMEONLY()',157,0),(628,'NOW() or CURRENT_TIMESTAMP',157,1),(629,'It only works for inserting constants',158,0),(630,'It requires both tables to have the same name',158,0),(631,'It deletes data before inserting new rows',158,0),(632,'It allows copying rows from one table into another',158,1),(633,'WHERE clause',159,0),(634,'ORDER BY clause',159,0),(635,'GROUP BY clause',159,0),(636,'Column list in INSERT statement',159,1),(637,'Row inserted successfully with duplicate',160,0),(638,'Database ignores the row',160,0),(639,'Old row is overwritten automatically',160,0),(640,'Duplicate key violation error',160,1),(641,'MODIFY',161,0),(642,'INSERT',161,0),(643,'ALTER',161,0),(644,'UPDATE',161,1),(645,'Specifies which columns are displayed',162,0),(646,'Creates a new table',162,0),(647,'Deletes the table',162,0),(648,'Specifies which rows will be affected',162,1),(649,'INSERT employees SET salary = salary * 1.1;',163,0),(650,'ALTER employees ADD salary = salary * 1.1;',163,0),(651,'MODIFY employees SET salary = salary * 1.1;',163,0),(652,'UPDATE employees SET salary = salary * 1.1;',163,1),(653,'No rows are updated',164,0),(654,'Only primary key rows are updated',164,0),(655,'The table is dropped',164,0),(656,'All rows in the table are updated',164,1),(657,'ROUND()',165,0),(658,'LEN()',165,0),(659,'SUBSTR()',165,0),(660,'REPLACE()',165,1),(661,'INSERT INTO table (col1, col2) VALUES (val1, val2);',166,0),(662,'ALTER table SET col1=val1, col2=val2;',166,0),(663,'UPDATE table (col1, col2) VALUES (val1, val2);',166,0),(664,'UPDATE table SET col1=val1, col2=val2 WHERE condition;',166,1),(665,'DELETE FROM users WHERE status=\"inactive\";',167,0),(666,'DROP users WHERE status=\"inactive\";',167,0),(667,'CREATE INDEX ON users(status);',167,0),(668,'UPDATE users SET attempts = 0 WHERE status=\"inactive\";',167,1),(669,'ORDER BY',168,0),(670,'GROUP BY',168,0),(671,'HAVING',168,0),(672,'CASE',168,1),(673,'Update succeeds silently',169,0),(674,'Update ignores the constraint',169,0),(675,'The table is dropped automatically',169,0),(676,'Update fails with an error',169,1),(677,'It deletes tables automatically',170,0),(678,'It drops indexes automatically',170,0),(679,'It always creates a backup automatically',170,0),(680,'It can update multiple rows in a single statement',170,1),(681,'TRUNCATE',171,0),(682,'DELETE',171,1),(683,'DROP',171,0),(684,'REMOVE',171,0),(685,'All rows in the table are deleted',172,1),(686,'No rows are deleted',172,0),(687,'Only first row deleted',172,0),(688,'The table is dropped',172,0),(689,'TRUNCATE users;',173,0),(690,'DELETE FROM users WHERE status=\"inactive\";',173,1),(691,'DROP users WHERE status=\"inactive\";',173,0),(692,'REMOVE inactive FROM users;',173,0),(693,'DELETE FROM table_name;',174,0),(694,'DROP TABLE table_name;',174,0),(695,'TRUNCATE TABLE table_name;',174,1),(696,'REMOVE ALL table_name;',174,0),(697,'DELETE removes rows; DROP removes entire table',175,1),(698,'DELETE removes database; DROP removes columns',175,0),(699,'They are the same',175,0),(700,'DROP only removes indexes',175,0),(701,'HAVING clause',176,0),(702,'WHERE clause',176,1),(703,'GROUP BY clause',176,0),(704,'ORDER BY clause',176,0),(705,'DELETE FROM orders WHERE order_date < \"2020-01-01\";',177,1),(706,'TRUNCATE orders WHERE order_date<2020;',177,0),(707,'DROP orders BEFORE 2020;',177,0),(708,'REMOVE orders BEFORE 2020;',177,0),(709,'It fails unless ON DELETE CASCADE is defined',178,1),(710,'It always succeeds silently',178,0),(711,'It truncates the other table automatically',178,0),(712,'It deletes foreign keys automatically',178,0),(713,'DELETE can be rolled back if inside a transaction',179,1),(714,'DELETE permanently drops the table',179,0),(715,'DELETE ignores foreign key constraints',179,0),(716,'DELETE always resets AUTO_INCREMENT automatically',179,0),(717,'ALTER TABLE AUTO_INCREMENT = 1;',180,1),(718,'TRUNCATE resets AUTO_INCREMENT automatically',180,0),(719,'DELETE resets AUTO_INCREMENT automatically',180,0),(720,'RESET AUTO_INCREMENT;',180,0),(721,'It is referenced by a foreign key constraint',181,1),(722,'It has too many rows',181,0),(723,'It has no primary key',181,0),(724,'It contains NULL values',181,0),(725,'Drop or disable the foreign key constraints first',182,1),(726,'Create an index',182,0),(727,'Use DISTINCT',182,0),(728,'Enable AUTO_INCREMENT',182,0),(729,'Use CREATE TABLE IF NOT EXISTS',183,1),(730,'Use ALTER TABLE',183,0),(731,'Use UPDATE TABLE',183,0),(732,'Use INSERT TABLE',183,0),(733,'Column name conflicts or data type errors',184,1),(734,'Too many indexes',184,0),(735,'Permissions to run SELECT',184,0),(736,'Server CPU usage',184,0),(737,'CREATE and DROP privileges',185,1),(738,'SELECT privilege only',185,0),(739,'INSERT privilege only',185,0),(740,'UPDATE privilege only',185,0),(741,'Clean up or remove duplicate data before creating index',186,1),(742,'Use JOIN instead of index',186,0),(743,'Use DELETE TABLE',186,0),(744,'Grant SELECT privilege',186,0),(745,'An error is raised',187,1),(746,'The database automatically creates the view',187,0),(747,'It silently succeeds',187,0),(748,'The view becomes a table',187,0),(749,'They help identify and correct SQL syntax or constraint violations',188,1),(750,'They automatically fix the problem',188,0),(751,'They are optional',188,0),(752,'They show random numbers',188,0),(753,'IF EXISTS',189,1),(754,'FORCE DROP',189,0),(755,'SAFE DROP',189,0),(756,'IGNORE',189,0),(757,'The new name already exists or permissions are missing',190,1),(758,'Table is empty',190,0),(759,'Server memory low',190,0),(760,'The column names changed',190,0),(761,'Incorrect WHERE conditions',191,1),(762,'Too many indexes',191,0),(763,'Too few columns',191,0),(764,'Empty database',191,0),(765,'WHERE',192,1),(766,'ORDER BY',192,0),(767,'SELECT',192,0),(768,'LIMIT',192,0),(769,'Missing or incorrect JOIN condition',193,1),(770,'Using DISTINCT',193,0),(771,'Using GROUP BY',193,0),(772,'NULL values in table',193,0),(773,'IS NULL',194,1),(774,'BETWEEN',194,0),(775,'NOT IN',194,0),(776,'ORDER BY',194,0),(777,'DISTINCT',195,1),(778,'LIKE',195,0),(779,'ANY',195,0),(780,'ALL',195,0),(781,'Column name or alias not present in SELECT',196,1),(782,'Too many indexes',196,0),(783,'Constraint violation',196,0),(784,'Duplicate primary key',196,0),(785,'Column referenced before it exists or wrong alias',197,1),(786,'Foreign key missing',197,0),(787,'No primary key',197,0),(788,'Index not used',197,0),(789,'Use SELECT with LIMIT or print intermediate results',198,1),(790,'Use DROP and CREATE repeatedly',198,0),(791,'Use REVOKE',198,0),(792,'Use GRANT',198,0),(793,'They can be syntax, permission, or data-related issues',199,1),(794,'They always indicate a server crash',199,0),(795,'They automatically correct themselves',199,0),(796,'They only occur in DELETE statements',199,0),(797,'Use an aggregate function or LIMIT 1',200,1),(798,'Use DISTINCT * always',200,0),(799,'Use TRUNCATE before subquery',200,0),(800,'Disable indexes',200,0),(801,'Row is locked or condition does not match',201,1),(802,'Table is empty',201,0),(803,'Server memory low',201,0),(804,'Index missing',201,0),(805,'It fails with an error',202,1),(806,'It automatically inserts 0',202,0),(807,'It inserts a blank string',202,0),(808,'It ignores the column',202,0),(809,'WHERE clause conditions',203,1),(810,'Number of columns in SELECT',203,0),(811,'The ORDER BY clause',203,0),(812,'User permissions only',203,0),(813,'Foreign key constraint',204,1),(814,'Index missing',204,0),(815,'Column alias mismatch',204,0),(816,'Table lock',204,0),(817,'INSERT/UPDATE/DELETE privileges',205,1),(818,'SELECT privilege only',205,0),(819,'EXECUTE privilege only',205,0),(820,'GRANT privilege only',205,0),(821,'Use ON DUPLICATE KEY UPDATE or adjust key',206,1),(822,'Run TRUNCATE TABLE first',206,0),(823,'Disable foreign keys',206,0),(824,'Restart the server',206,0),(825,'CASE expression',207,1),(826,'ORDER BY',207,0),(827,'GROUP BY',207,0),(828,'HAVING',207,0),(829,'Update or delete child rows or change constraint',208,1),(830,'Restart the database',208,0),(831,'Use GROUP BY',208,0),(832,'Disable indexes',208,0),(833,'They allow rollback of failed modifications if not committed',209,1),(834,'They automatically commit all changes',209,0),(835,'They prevent SELECT queries',209,0),(836,'They delete the table automatically',209,0),(837,'Data violates a CHECK condition defined on the column',210,1),(838,'Table is empty',210,0),(839,'Index is missing',210,0),(840,'Wrong database selected',210,0),(841,'Create a junction table between patients and contacts',211,1),(842,'Add multiple contact columns to the patients table',211,0),(843,'Use a JSON column to store all contacts in patients table',211,0),(844,'Create a separate table for each patient\'s contacts',211,0),(845,'First Normal Form',212,0),(846,'Second Normal Form',212,0),(847,'Third Normal Form',212,1),(848,'Boyce-Codd Normal Form',212,0),(849,'Uniqueness guarantee across distributed systems',213,0),(850,'Storage efficiency of the key values',213,1),(851,'Performance of JOIN operations',213,0),(852,'Resistance to business logic changes',213,0),(853,'DECIMAL(15,2) with a currency code column',214,1),(854,'FLOAT for approximate calculations',214,0),(855,'VARCHAR to store formatted currency strings',214,0),(856,'INTEGER storing cents with a currency lookup',214,0),(857,'One-to-many self-referencing relationship',215,1),(858,'Many-to-many with junction table',215,0),(859,'One-to-one recursive relationship',215,0),(860,'Many-to-one hierarchical relationship',215,0),(861,'Using parameterized queries/prepared statements',216,1),(862,'Implementing SSL/TLS encryption',216,0),(863,'Applying database firewall rules',216,0),(864,'Using stored procedures exclusively',216,0),(865,'First Normal Form',217,0),(866,'Second Normal Form',217,1),(867,'Third Normal Form',217,0),(868,'Violation of referential integrity',217,0),(869,'Order items table where (order_id, product_id) uniquely identifies each line item',218,1),(870,'User authentication table with auto-increment user_id',218,0),(871,'Product catalog table with SKU as natural key',218,0),(872,'Log table for system events',218,0),(873,'Index fragmentation and page splits',219,1),(874,'Lack of uniqueness across servers',219,0),(875,'Difficulty in generating sequential values',219,0),(876,'Incompatibility with foreign key constraints',219,0),(877,'Atomicity principle',220,1),(878,'Referential integrity',220,0),(879,'Domain constraint enforcement',220,0),(880,'Null constraint validation',220,0),(881,'Heavily denormalized read-optimized tables',221,1),(882,'Fully normalized operational schema',221,0),(883,'Mixed normalization levels with extensive indexing',221,0),(884,'Separate transactional and analytical databases',221,0),(885,'Many-to-many with a junction table',222,1),(886,'One-to-many with department as foreign key',222,0),(887,'One-to-one with employee details extension',222,0),(888,'Self-referencing manager-employee relationship',222,0),(889,'Timezone handling and storage range',223,1),(890,'Storage size requirements',223,0),(891,'Indexing performance characteristics',223,0),(892,'Automatic update capabilities',223,0),(893,'Transparent Data Encryption (TDE) at the database level',224,1),(894,'Application-level encryption before storage',224,0),(895,'Column-level encryption with database functions',224,0),(896,'Filesystem encryption on database server',224,0),(897,'Row-level security with tenant_id predicates',225,1),(898,'Separate databases for each tenant',225,0),(899,'Schema-level separation within same database',225,0),(900,'Application-level data filtering',225,0),(901,'Frequently queried aggregated data that changes infrequently',226,1),(902,'Real-time transactional data requiring current values',226,0),(903,'Simple joins between two small tables',226,0),(904,'Views used primarily for security purposes',226,0),(905,'Reduced network traffic and improved performance',227,1),(906,'Automatic query optimization',227,0),(907,'Elimination of the need for transactions',227,0),(908,'Guaranteed data consistency without locks',227,0),(909,'When queries typically access specific date ranges of data',228,1),(910,'When the table has fewer than 100,000 rows',228,0),(911,'When all queries use the primary key for access',228,0),(912,'When the table has only one access pattern',228,0),(913,'Clustered index on the datetime column',229,1),(914,'Non-clustered index on the datetime column',229,0),(915,'Filtered index excluding NULL values',229,0),(916,'Composite index with datetime as second column',229,0),(917,'SQL injection vulnerabilities if input is not properly sanitized',230,1),(918,'Automatic query plan recompilation',230,0),(919,'Inability to use transaction control statements',230,0),(920,'Limited to simple SELECT statements',230,0),(921,'Changing a column data type that requires data conversion',231,1),(922,'Adding a nullable column to an existing table',231,0),(923,'Dropping an unused column from the table',231,0),(924,'Adding a check constraint to the table',231,0),(925,'When the view aggregates data and you need to improve query performance',232,1),(926,'When the view is used only for security purposes',232,0),(927,'When the underlying tables change frequently',232,0),(928,'When the view contains complex business logic',232,0),(929,'Clustered indexes physically order the data; non-clustered use separate structures',233,1),(930,'Clustered indexes are faster for all query types',233,0),(931,'Non-clustered indexes can be created on views',233,0),(932,'Clustered indexes support more key columns',233,0),(933,'When you need to use the result within a SELECT statement',234,1),(934,'When you need to modify database tables',234,0),(935,'When you need to return multiple result sets',234,0),(936,'When you need to perform transaction control',234,0),(937,'To prevent underlying schema changes that would break the view',235,1),(938,'To automatically update the view when tables change',235,0),(939,'To improve query performance of the view',235,0),(940,'To enable index creation on the view',235,0),(941,'Range partitioning by date intervals',236,1),(942,'Hash partitioning by customer ID',236,0),(943,'List partitioning by status values',236,0),(944,'Round-robin partitioning for equal distribution',236,0),(945,'Balance between index size and query coverage',237,1),(946,'Elimination of bookmark lookups',237,0),(947,'Automatic index maintenance by the database',237,0),(948,'Reduction in index fragmentation',237,0),(949,'When you need to quickly remove all rows and reset identity columns',238,1),(950,'When you need to delete specific rows based on conditions',238,0),(951,'When you want the operation to be logged for recovery',238,0),(952,'When foreign key constraints reference the table',238,0),(953,'They allow covering queries without including them in the key',239,1),(954,'They make the index unique across all columns',239,0),(955,'They automatically create filtered indexes',239,0),(956,'They enable full-text search capabilities',239,0),(957,'Parameterization of input values',240,1),(958,'Automatic query optimization',240,0),(959,'Built-in input validation for all data types',240,0),(960,'Encryption of procedure code',240,0),(961,'LEFT JOIN with WHERE condition checking for NULL in orders table',241,1),(962,'INNER JOIN with exclusion condition',241,0),(963,'FULL OUTER JOIN with complex filtering',241,0),(964,'CROSS JOIN with aggregate functions',241,0),(965,'Using window functions with ROW_NUMBER() or DENSE_RANK()',242,1),(966,'Nested subqueries with MAX() and < operator',242,0),(967,'Self-join with comparison conditions',242,0),(968,'Using LIMIT/OFFSET with ORDER BY',242,0),(969,'When you need to reference the same subquery multiple times in a query',243,1),(970,'When the subquery returns a single value',243,0),(971,'When you need better performance for simple queries',243,0),(972,'When the database doesn\'t support subqueries',243,0),(973,'UNION ALL is faster because it doesn\'t remove duplicates',244,1),(974,'UNION is faster because it optimizes the result set',244,0),(975,'They have identical performance characteristics',244,0),(976,'UNION is faster for large datasets',244,0),(977,'Multiple single-column indexes with index union',245,1),(978,'Single composite index on all filtered columns',245,0),(979,'Filtered indexes on each column',245,0),(980,'No indexing strategy helps OR conditions',245,0),(981,'When the subquery returns a large result set',246,1),(982,'When you need to check for exact value matches',246,0),(983,'When the outer query has few rows',246,0),(984,'When using correlated subqueries',246,0),(985,'They preserve individual row identity while providing aggregates',247,1),(986,'They automatically optimize query execution plans',247,0),(987,'They eliminate the need for JOIN operations',247,0),(988,'They work better with partitioned tables',247,0),(989,'Omitting JOIN conditions between tables',248,1),(990,'Using too many INNER JOIN operations',248,0),(991,'Applying WHERE conditions to joined tables',248,0),(992,'Using UNION instead of UNION ALL',248,0),(993,'Using keyset pagination with WHERE clauses on indexed columns',249,1),(994,'Using OFFSET/LIMIT with sequential page numbers',249,0),(995,'Loading all data and paginating in application memory',249,0),(996,'Using temporary tables to store paginated results',249,0),(997,'When you need to reference values from the outer query in the subquery',250,1),(998,'When the subquery returns multiple rows',250,0),(999,'When you need better performance than regular subqueries',250,0),(1000,'When working with hierarchical data structures',250,0),(1001,'It clearly expresses set-based logic for finding common elements',251,1),(1002,'It automatically optimizes join performance',251,0),(1003,'It works with incompatible data types',251,0),(1004,'It eliminates the need for DISTINCT clauses',251,0),(1005,'Full-text indexing on the text column',252,1),(1006,'Adding regular B-tree indexes on the text column',252,0),(1007,'Using LIKE with leading wildcards on indexed columns',252,0),(1008,'Materialized views with pre-computed results',252,0),(1009,'When intermediate results are reused multiple times in complex calculations',253,1),(1010,'For all queries with more than three tables',253,0),(1011,'When the final result set is small',253,0),(1012,'As a replacement for properly indexed queries',253,0),(1013,'It requires sorting and comparison of all selected columns',254,1),(1014,'It automatically creates covering indexes',254,0),(1015,'It improves query performance by reducing data transfer',254,0),(1016,'It has no significant performance impact',254,0),(1017,'SUM() OVER (ORDER BY date ROWS UNBOUNDED PRECEDING)',255,1),(1018,'ROW_NUMBER() with GROUP BY',255,0),(1019,'AVG() with PARTITION BY',255,0),(1020,'COUNT() with window frames',255,0),(1021,'REPEATABLE READ',256,1),(1022,'READ COMMITTED',256,0),(1023,'READ UNCOMMITTED',256,0),(1024,'SERIALIZABLE',256,0),(1025,'Atomicity - it succeeds completely or fails completely',257,1),(1026,'Better performance for all scenarios',257,0),(1027,'Automatic index optimization',257,0),(1028,'Elimination of transaction overhead',257,0),(1029,'Loading large data files from external sources',258,1),(1030,'Inserting single rows from web forms',258,0),(1031,'Real-time transaction processing',258,0),(1032,'Inserting configuration data during setup',258,0),(1033,'Reading uncommitted data that may be rolled back',259,1),(1034,'Automatic query plan recompilation',259,0),(1035,'Increased lock contention on tables',259,0),(1036,'Prevention of data modification by other transactions',259,0),(1037,'Using batch DELETE with OUTPUT INTO to archive table',260,1),(1038,'Individual DELETE statements for each record',260,0),(1039,'TRUNCATE TABLE after backing up data',260,0),(1040,'Creating a view that filters out old records',260,0),(1041,'TRUNCATE uses minimal log space; DELETE is fully logged',261,1),(1042,'DELETE uses less log space for large operations',261,0),(1043,'They have identical logging behavior',261,0),(1044,'TRUNCATE logs each row deletion individually',261,0),(1045,'When you need to capture affected rows for auditing or further processing',262,1),(1046,'For all UPDATE and DELETE operations',262,0),(1047,'When you want to improve query performance',262,0),(1048,'Only when using stored procedures',262,0),(1049,'Accessing tables in the same order across all transactions',263,1),(1050,'Using the highest isolation level possible',263,0),(1051,'Minimizing transaction duration',263,0),(1052,'Using READ UNCOMMITTED isolation level',263,0),(1053,'Ability to generate values across multiple tables',264,1),(1054,'Better performance for single-table inserts',264,0),(1055,'Automatic reseeding after deletion',264,0),(1056,'Built-in gap prevention mechanism',264,0),(1057,'TRY-CATCH blocks with appropriate error handling and logging',265,1),(1058,'Relying on database default error messages',265,0),(1059,'Using XACT_ABORT without additional handling',265,0),(1060,'Ignoring errors and continuing processing',265,0),(1061,'Reduced transaction log overhead and network round trips',266,1),(1062,'Automatic constraint validation skipping',266,0),(1063,'Elimination of the need for transactions',266,0),(1064,'Better error handling for individual rows',266,0),(1065,'When performance is critical and small data loss is acceptable',267,1),(1066,'For financial transactions requiring guaranteed durability',267,0),(1067,'When multiple related tables are being updated',267,0),(1068,'For all OLTP operations in high-availability systems',267,0),(1069,'HOLDLOCK or SERIALIZABLE isolation level',268,1),(1070,'NOLOCK or READUNCOMMITTED',268,0),(1071,'READPAST for skipping locked rows',268,0),(1072,'UPDLOCK for update operations',268,0),(1073,'Batch processing with appropriate commit intervals',269,1),(1074,'Single transaction updating all rows at once',269,0),(1075,'Using TRUNCATE and re-inserting data',269,0),(1076,'Disabling indexes during the update',269,0),(1077,'When you need to transform complex view data before modification',270,1),(1078,'For all data modification operations on tables',270,0),(1079,'When you want to improve performance of simple inserts',270,0),(1080,'As a replacement for foreign key constraints',270,0),(1081,'Deadlock graph in SQL Server Profiler or Extended Events',271,1),(1082,'Database console commands like DBCC CHECKDB',271,0),(1083,'Query execution plans',271,0),(1084,'Index fragmentation reports',271,0),(1085,'Examine the actual execution plan',272,1),(1086,'Add more indexes to all involved tables',272,0),(1087,'Increase server memory allocation',272,0),(1088,'Update statistics on all database tables',272,0),(1089,'Long-running transactions with many modifications',273,1),(1090,'Frequent SELECT queries on large tables',273,0),(1091,'Regular index maintenance operations',273,0),(1092,'Stored procedure recompilations',273,0),(1093,'Identify and kill the blocking process, then investigate the root cause',274,1),(1094,'Restart the database service immediately',274,0),(1095,'Increase the lock timeout setting for all connections',274,0),(1096,'Disable all triggers and constraints',274,0),(1097,'Page life expectancy (PLE) counter',275,1),(1098,'CPU utilization percentage',275,0),(1099,'Disk queue length',275,0),(1100,'Network latency measurements',275,0),(1101,'Cached execution plan optimized for atypical parameter values',276,1),(1102,'Incorrect data types in parameter declarations',276,0),(1103,'Missing indexes on joined columns',276,0),(1104,'Out-of-date statistics on underlying tables',276,0),(1105,'Regular verified backups and consistency checks',277,1),(1106,'Frequent index reorganizations',277,0),(1107,'Using RAID configurations for all storage',277,0),(1108,'Disabling write caching on controllers',277,0),(1109,'Query Store or missing index DMVs (Dynamic Management Views)',278,1),(1110,'Trial and error index creation',278,0),(1111,'Enabling auto-create statistics',278,0),(1112,'Examining table row counts',278,0),(1113,'When the query optimizer chooses an inefficient join order',279,1),(1114,'For all complex queries with multiple joins',279,0),(1115,'When working with temporary tables',279,0),(1116,'As a standard practice for production queries',279,0),(1117,'Inefficient query plans being executed frequently',280,1),(1118,'Increased user connections to the database',280,0),(1119,'Database file auto-growth events',280,0),(1120,'Network latency between application and database',280,0),(1121,'Comparing actual execution plans before and after the regression',281,1),(1122,'Restoring the previous version of the database',281,0),(1123,'Rebuilding all indexes on affected tables',281,0),(1124,'Increasing server resources allocated to the database',281,0),(1125,'Existing data may violate the constraint but won\'t be checked',282,1),(1126,'Automatic recompilation of all stored procedures',282,0),(1127,'Permanent disabling of the constraint',282,0),(1128,'Immediate database consistency errors',282,0),(1129,'Wait statistics analysis using DMVs',283,1),(1130,'CPU utilization monitoring',283,0),(1131,'Network packet capture analysis',283,0),(1132,'Memory usage reports',283,0),(1133,'Pre-allocate files to avoid auto-growth during production hours',284,1),(1134,'Set very small growth increments to minimize impact',284,0),(1135,'Disable auto-growth and monitor manually',284,0),(1136,'Use instant file initialization for all files',284,0),(1137,'FULL recovery model with frequent transaction log backups',285,1),(1138,'SIMPLE recovery model with full backups',285,0),(1139,'BULK_LOGGED recovery model for all operations',285,0),(1140,'No recovery model - rely on replication',285,0),(1141,'Store, organize, retrieve, and manage data for multiple users and applications',286,1),(1142,'Provide a graphical frontend for desktop applications',286,0),(1143,'Compile and run application code faster',286,0),(1144,'Replace web servers for hosting websites',286,0),(1145,'Primary key',287,1),(1146,'Foreign key',287,0),(1147,'Index name',287,0),(1148,'Table alias',287,0),(1149,'CREATE TABLE',288,1),(1150,'NEW TABLE',288,0),(1151,'MAKE TABLE',288,0),(1152,'ALTER TABLE',288,0),(1153,'A column that references a primary key in another table to enforce referential integrity',289,1),(1154,'A unique identifier that cannot be NULL',289,0),(1155,'A constraint that encrypts a column on disk',289,0),(1156,'An index created automatically for every text column',289,0),(1157,'Reduce redundancy and eliminate update anomalies by organizing data across tables',290,1),(1158,'Increase redundancy to speed up inserts',290,0),(1159,'Encrypt all columns to improve security',290,0),(1160,'Store every value as plain text for compatibility',290,0),(1161,'First Normal Form (1NF)',291,1),(1162,'Second Normal Form (2NF)',291,0),(1163,'Third Normal Form (3NF)',291,0),(1164,'BCNF',291,0),(1165,'WHERE',292,1),(1166,'ORDER BY',292,0),(1167,'GROUP BY',292,0),(1168,'HAVING',292,0),(1169,'INNER JOIN',293,1),(1170,'LEFT JOIN',293,0),(1171,'RIGHT JOIN',293,0),(1172,'FULL JOIN',293,0),(1173,'Atomicity, Consistency, Isolation, Durability',294,1),(1174,'Availability, Consistency, Isolation, Durability',294,0),(1175,'Atomicity, Concurrency, Indexing, Durability',294,0),(1176,'Authorization, Consistency, Isolation, Durability',294,0),(1177,'UPDATE',295,1),(1178,'ALTER',295,0),(1179,'SET',295,0),(1180,'MODIFY',295,0),(1181,'NOT NULL',296,1),(1182,'UNIQUE',296,0),(1183,'CHECK',296,0),(1184,'DEFAULT',296,0),(1185,'Speed up data retrieval operations by providing quick lookup to rows',297,1),(1186,'Store duplicate copies of tables for backup',297,0),(1187,'Encrypt table data transparently',297,0),(1188,'Automatically normalize tables',297,0),(1189,'DROP TABLE',298,1),(1190,'TRUNCATE TABLE',298,0),(1191,'DELETE FROM',298,0),(1192,'ALTER TABLE DROP',298,0),(1193,'LEFT JOIN',299,1),(1194,'RIGHT JOIN',299,0),(1195,'INNER JOIN',299,0),(1196,'CROSS JOIN',299,0),(1197,'Second Normal Form (2NF)',300,1),(1198,'First Normal Form (1NF)',300,0),(1199,'Third Normal Form (3NF)',300,0),(1200,'Boyce-Codd Normal Form (BCNF)',300,0),(1201,'Composite key',301,1),(1202,'Surrogate key',301,0),(1203,'Primary key',301,0),(1204,'Foreign key',301,0),(1205,'ALTER TABLE',302,1),(1206,'MODIFY TABLE',302,0),(1207,'CHANGE TABLE',302,0),(1208,'REBUILD TABLE',302,0),(1209,'ORDER BY',303,1),(1210,'GROUP BY',303,0),(1211,'HAVING',303,0),(1212,'WHERE',303,0),(1213,'A virtual table defined by a stored SELECT query',304,1),(1214,'A physical copy of a table stored separately',304,0),(1215,'A procedure to update multiple tables at once',304,0),(1216,'A special index type for text columns',304,0),(1217,'UNIQUE',305,1),(1218,'NOT NULL',305,0),(1219,'CHECK',305,0),(1220,'FOREIGN KEY',305,0),(1221,'Durability ensures transaction results persist after commit',306,1),(1222,'Atomicity ensures persistence after commit',306,0),(1223,'Isolation ensures persistence after commit',306,0),(1224,'Consistency ensures persistence after commit',306,0),(1225,'TRUNCATE TABLE',307,1),(1226,'DROP TABLE',307,0),(1227,'DELETE TABLE',307,0),(1228,'REMOVE ROWS',307,0),(1229,'FULL JOIN (or equivalent UNION of LEFT and RIGHT matches)',308,1),(1230,'INNER JOIN',308,0),(1231,'CROSS JOIN',308,0),(1232,'SELF JOIN',308,0),(1233,'Detect and resolve anomalies, improve structure and maintainability',309,1),(1234,'Make database denormalized only',309,0),(1235,'Remove all indexes',309,0),(1236,'Store everything in one table for simplicity',309,0),(1237,'COUNT()',310,1),(1238,'SUM()',310,0),(1239,'AVG()',310,0),(1240,'MAX()',310,0),(1241,'Persist all changes made in the current transaction to the database',311,1),(1242,'Rollback the current transaction',311,0),(1243,'Save a database snapshot but not finalize transaction',311,0),(1244,'Start a new transaction',311,0),(1245,'Candidate key (a column or set of columns that can uniquely identify rows)',312,1),(1246,'Foreign key',312,0),(1247,'Index key only used for performance',312,0),(1248,'Composite index',312,0),(1249,'INSERT INTO',313,1),(1250,'ADD ROW',313,0),(1251,'APPEND TO',313,0),(1252,'LOAD DATA',313,0),(1253,'Group rows that share values so aggregate functions can compute per-group results',314,1),(1254,'Filter rows before grouping',314,0),(1255,'Sort rows in descending order only',314,0),(1256,'Rename columns in the output',314,0),(1257,'A surrogate key is an artificially created unique identifier (e.g., auto-increment id) not derived from business data',315,1),(1258,'A key that always uses business meaningful strings',315,0),(1259,'A primary key composed of multiple columns',315,0),(1260,'A temporary session key used by applications',315,0);
/*!40000 ALTER TABLE `choices` ENABLE KEYS */;
UNLOCK TABLES;

--
-- Table structure for table `courses`
--

DROP TABLE IF EXISTS `courses`;
/*!40101 SET @saved_cs_client     = @@character_set_client */;
/*!50503 SET character_set_client = utf8mb4 */;
CREATE TABLE `courses` (
  `id` int(11) NOT NULL AUTO_INCREMENT,
  `title` varchar(255) NOT NULL,
  `description` text DEFAULT NULL,
  PRIMARY KEY (`id`)
) ENGINE=InnoDB AUTO_INCREMENT=125 DEFAULT CHARSET=utf8mb4 COLLATE=utf8mb4_general_ci;
/*!40101 SET character_set_client = @saved_cs_client */;

--
-- Dumping data for table `courses`
--

LOCK TABLES `courses` WRITE;
/*!40000 ALTER TABLE `courses` DISABLE KEYS */;
INSERT INTO `courses` VALUES (1,'IT Specialist - Database','Covers database design, management, data retrieval, manipulation, and troubleshooting for aspiring IT specialists.'),(123,'test','test');
/*!40000 ALTER TABLE `courses` ENABLE KEYS */;
UNLOCK TABLES;

--
-- Table structure for table `daily_goals`
--

DROP TABLE IF EXISTS `daily_goals`;
/*!40101 SET @saved_cs_client     = @@character_set_client */;
/*!50503 SET character_set_client = utf8mb4 */;
CREATE TABLE `daily_goals` (
  `id` int(11) NOT NULL AUTO_INCREMENT,
  `name` varchar(255) NOT NULL,
  `description` text NOT NULL,
  `type` enum('modules_completed','topics_completed','time_spent','perfect_scores','login_streak') NOT NULL,
  `target_value` int(11) NOT NULL,
  `reward_exp` int(11) DEFAULT 10,
  `reward_intelligent_exp` int(11) DEFAULT 5,
  `is_active` tinyint(1) DEFAULT 1,
  `created_at` timestamp NOT NULL DEFAULT current_timestamp(),
  `category` enum('learning','practice','engagement','mastery') DEFAULT 'learning',
  PRIMARY KEY (`id`)
) ENGINE=InnoDB AUTO_INCREMENT=11 DEFAULT CHARSET=utf8mb4 COLLATE=utf8mb4_general_ci;
/*!40101 SET character_set_client = @saved_cs_client */;

--
-- Dumping data for table `daily_goals`
--

LOCK TABLES `daily_goals` WRITE;
/*!40000 ALTER TABLE `daily_goals` DISABLE KEYS */;
INSERT INTO `daily_goals` VALUES (1,'Module Master','Complete 2 modules today','modules_completed',2,20,10,1,'2025-11-22 10:18:08','learning'),(2,'Topic Explorer','Complete 5 topics today','topics_completed',5,25,12,1,'2025-11-22 10:18:08','learning'),(4,'Practice Makes Perfect','Complete 3 practice quizzes','',3,25,15,1,'2025-11-22 10:18:08','practice'),(5,'Perfect Score','Get 100% on any assessment','perfect_scores',1,40,25,1,'2025-11-22 10:18:08','practice'),(6,'Daily Login','Login today to keep your streak','login_streak',1,10,5,1,'2025-11-22 10:18:08','engagement');
/*!40000 ALTER TABLE `daily_goals` ENABLE KEYS */;
UNLOCK TABLES;

--
-- Table structure for table `modules`
--

DROP TABLE IF EXISTS `modules`;
/*!40101 SET @saved_cs_client     = @@character_set_client */;
/*!50503 SET character_set_client = utf8mb4 */;
CREATE TABLE `modules` (
  `id` int(11) NOT NULL AUTO_INCREMENT,
  `title` varchar(255) NOT NULL,
  `description` text DEFAULT NULL,
  `course_id` int(11) DEFAULT NULL,
  `required_score` int(11) DEFAULT NULL,
  PRIMARY KEY (`id`),
  KEY `course_id` (`course_id`),
  CONSTRAINT `modules_ibfk_1` FOREIGN KEY (`course_id`) REFERENCES `courses` (`id`) ON DELETE CASCADE
) ENGINE=InnoDB AUTO_INCREMENT=6 DEFAULT CHARSET=utf8mb4 COLLATE=utf8mb4_general_ci;
/*!40101 SET character_set_client = @saved_cs_client */;

--
-- Dumping data for table `modules`
--

LOCK TABLES `modules` WRITE;
/*!40000 ALTER TABLE `modules` DISABLE KEYS */;
INSERT INTO `modules` VALUES (1,'Database Design','Learn how to create a solid foundation for storing and organizing data.',1,0),(2,'Database Object Management using DDL','Understand how to define and control database objects.',1,9),(3,'Data Retrieval','Master the SQL techniques to extract meaningful insights from data.',1,9),(4,'Data Manipulation using DML','Learn how to insert, update, and remove data from tables.',1,9),(5,'Troubleshooting','Develop problem-solving skills to fix common database issues.',1,9);
/*!40000 ALTER TABLE `modules` ENABLE KEYS */;
UNLOCK TABLES;

--
-- Table structure for table `questions`
--

DROP TABLE IF EXISTS `questions`;
/*!40101 SET @saved_cs_client     = @@character_set_client */;
/*!50503 SET character_set_client = utf8mb4 */;
CREATE TABLE `questions` (
  `id` int(11) NOT NULL AUTO_INCREMENT,
  `assessment_id` int(11) NOT NULL,
  `question` text NOT NULL,
  `topic_id` int(11) NOT NULL,
  `difficulty` enum('easy','medium','hard') NOT NULL DEFAULT 'easy',
  PRIMARY KEY (`id`),
  KEY `topic_id` (`topic_id`),
  KEY `assessment_id` (`assessment_id`),
  CONSTRAINT `questions_ibfk_1` FOREIGN KEY (`topic_id`) REFERENCES `topics` (`id`) ON DELETE CASCADE,
  CONSTRAINT `questions_ibfk_2` FOREIGN KEY (`assessment_id`) REFERENCES `assessments` (`id`) ON DELETE CASCADE
) ENGINE=InnoDB AUTO_INCREMENT=316 DEFAULT CHARSET=utf8mb4 COLLATE=utf8mb4_general_ci;
/*!40101 SET character_set_client = @saved_cs_client */;

--
-- Dumping data for table `questions`
--

LOCK TABLES `questions` WRITE;
/*!40000 ALTER TABLE `questions` DISABLE KEYS */;
INSERT INTO `questions` VALUES (1,1,'Which principle ensures that each column in a table stores only one piece of information?',1,'easy'),(2,1,'Which naming convention is recommended for table names?',1,'easy'),(3,1,'Which constraint should you add to ensure each row is uniquely identifiable?',1,'easy'),(4,1,'When is it appropriate to use a lookup (reference) table?',1,'easy'),(5,1,'What is the primary purpose of a junction table?',1,'easy'),(6,1,'Which data type is most appropriate for precise monetary values?',1,'easy'),(7,1,'What is an advantage of using a surrogate (auto-increment) primary key?',1,'easy'),(8,1,'Which practice helps prevent invalid data from entering a table?',1,'easy'),(9,1,'Situational: You must store multiple phone numbers per employee. Which design is best?',1,'easy'),(10,1,'Situational: Your transactions table will grow to millions of rows. Which design consideration will most help query performance?',1,'easy'),(11,2,'Which characteristic is essential for a primary key in any table?',2,'easy'),(12,2,'Why are surrogate keys often preferred over natural keys?',2,'medium'),(13,2,'What is a composite primary key?',2,'easy'),(14,2,'Which data type is most efficient for primary keys in large transactional tables?',2,'easy'),(15,2,'Situational: A user\'s email may change over time. Should it be used as a primary key?',2,'easy'),(16,2,'Which of the following is automatically created when you define a primary key?',2,'easy'),(17,2,'What issue may occur if you use a long string as a primary key?',2,'easy'),(18,2,'Which SQL statement correctly defines a surrogate key as the primary key?',2,'easy'),(19,2,'Situational: In a many-to-many relationship table (order_items), what should be the primary key?',2,'easy'),(20,2,'What is the main drawback of using GUIDs/UUIDs as primary keys?',2,'easy'),(21,3,'Which factor should you consider first when selecting a data type for a column?',3,'easy'),(22,3,'Which data type is best for storing a person\'s age?',3,'easy'),(23,3,'Which data type should be used to store large text such as an article?',3,'easy'),(24,3,'Situational: You are designing a payroll system. Which data type is most appropriate for storing salary values?',3,'easy'),(25,3,'What is the main advantage of using VARCHAR instead of CHAR?',3,'easy'),(26,3,'Which temporal data type stores both date and time values?',3,'easy'),(27,3,'Which choice is a good reason to use DECIMAL over FLOAT?',3,'easy'),(28,3,'Situational: You need to store whether a student has passed a course. Which data type is most appropriate?',3,'easy'),(29,3,'What problem occurs if you underestimate the maximum value range for a numeric column?',3,'easy'),(30,3,'Situational: A log table must store precise timestamps of user actions. Which type should be used?',3,'easy'),(31,4,'Which key is used to establish a relationship between two tables?',4,'easy'),(32,4,'What type of relationship exists when each record in Table A can relate to many records in Table B?',4,'easy'),(33,4,'Which SQL constraint enforces referential integrity between tables?',4,'easy'),(34,4,'Situational: You need to model students enrolling in many courses, and courses with many students. Which approach should you use?',4,'easy'),(35,4,'What is the purpose of cascade delete in foreign keys?',4,'easy'),(36,4,'Which of the following is an example of a one-to-one relationship?',4,'easy'),(37,4,'Situational: If a customer table and orders table are linked, which column is typically the foreign key in orders?',4,'easy'),(38,4,'Why should foreign key columns often be indexed?',4,'medium'),(39,4,'Which option best describes optionality in relationships?',4,'easy'),(40,4,'Situational: A company stores employees and departments. Each employee belongs to exactly one department. Which relationship type applies?',4,'easy'),(41,5,'What is the main goal of database normalization?',5,'easy'),(42,5,'Which normal form requires elimination of repeating groups and atomic values?',5,'easy'),(43,5,'Which normal form removes partial dependencies on part of a composite key?',5,'easy'),(44,5,'Which normal form removes transitive dependencies between non-key attributes?',5,'easy'),(45,5,'Situational: You store customer name and address in the orders table. Which normalization step resolves this redundancy?',5,'easy'),(46,5,'What is a functional dependency?',5,'easy'),(47,5,'Which of the following is a potential drawback of over-normalization?',5,'easy'),(48,5,'Situational: You need fast reporting on aggregated sales data. What technique might be used instead of strict normalization?',5,'easy'),(49,5,'What is Boyce-Codd Normal Form (BCNF)?',5,'easy'),(50,5,'Which practice is recommended when denormalizing a database?',5,'easy'),(51,6,'Which technique ensures that only authorized users can access data?',6,'easy'),(52,6,'Which SQL command is used to grant specific privileges to a user?',6,'easy'),(53,6,'Situational: A company wants to store customer passwords securely. Which method is best?',6,'easy'),(54,6,'Which of the following helps protect data during transmission?',6,'easy'),(55,6,'Which database feature allows tracking of who accessed or changed data?',6,'easy'),(56,6,'Which principle states that users should have the minimum rights required to perform their tasks?',6,'easy'),(57,6,'Which option best prevents SQL injection attacks?',6,'easy'),(58,6,'Situational: A company wants to prevent accidental data loss due to hardware failure. What measure should they implement?',6,'easy'),(59,6,'Which method ensures sensitive data is unreadable without proper keys?',6,'easy'),(60,6,'Situational: An employee leaves the company. What should be done to protect data security?',6,'easy'),(61,7,'Which SQL command is used to create a new table?',7,'easy'),(62,7,'Which SQL command is used to delete an existing table?',7,'easy'),(63,7,'Which SQL command is used to modify an existing table structure?',7,'easy'),(64,7,'Situational: You need to add a new column \"email\" to the users table. Which command should you use?',7,'easy'),(65,7,'What happens when you drop a table in SQL?',7,'easy'),(66,7,'Which clause is used within CREATE TABLE to enforce entity integrity?',7,'easy'),(67,7,'Situational: A column is defined too short. How do you change its size?',7,'easy'),(68,7,'Which SQL statement deletes all rows from a table but keeps the structure?',7,'easy'),(69,7,'Which command would you use to rename a table?',7,'easy'),(70,7,'Situational: You want to ensure dropping a table doesn’t fail if the table doesn’t exist. What should you use?',7,'easy'),(71,8,'Which SQL command is used to create a view?',8,'easy'),(72,8,'Which statement best describes a view?',8,'easy'),(73,8,'Which SQL command is used to remove a view?',8,'easy'),(74,8,'Situational: You need to change the SELECT query of an existing view. Which command should you use?',8,'easy'),(75,8,'What happens to data when a view is dropped?',8,'easy'),(76,8,'Which type of view is updated automatically when underlying tables change?',8,'easy'),(77,8,'Which clause is required when creating a view?',8,'easy'),(78,8,'Situational: You want a view that only shows employees in the HR department. What should you include in the view definition?',8,'easy'),(79,8,'Which command is used to modify an existing view definition in MySQL?',8,'easy'),(80,8,'What is the main advantage of using views in a database?',8,'easy'),(81,9,'What is a stored procedure in SQL?',9,'easy'),(82,9,'What is a function in SQL?',9,'easy'),(83,9,'Which SQL command is used to remove a stored procedure?',9,'easy'),(84,9,'Situational: You want a reusable operation to insert a new employee record. What should you use?',9,'easy'),(85,9,'Which clause must a function always include?',9,'easy'),(86,9,'Which statement about stored procedures is TRUE?',9,'easy'),(87,9,'Situational: You need to calculate total sales and return the value to a query. Which should you use?',9,'easy'),(88,9,'Which keyword is used to execute a stored procedure in MySQL?',9,'easy'),(89,9,'Which advantage do stored procedures provide?',9,'easy'),(90,9,'Which statement about functions is FALSE?',9,'easy'),(91,10,'What is a clustered index?',10,'easy'),(92,10,'How many clustered indexes can a table have?',10,'easy'),(93,10,'What is a non-clustered index?',10,'easy'),(94,10,'Situational: You often query by customer_id. Which index type is most efficient?',10,'easy'),(95,10,'What effect does a clustered index have on the physical storage of a table?',10,'easy'),(96,10,'Which index is best for columns with many duplicate values?',10,'easy'),(97,10,'Which operation may slow down with too many indexes?',10,'easy'),(98,10,'Situational: You need to speed up queries filtering by email. What should you create?',10,'easy'),(99,10,'What is a covering index?',10,'easy'),(100,10,'Which statement is TRUE about non-clustered indexes?',10,'easy'),(101,11,'Which JOIN returns only matching rows from both tables?',11,'easy'),(102,11,'Which JOIN returns all rows from the left table and matching rows from the right table?',11,'easy'),(103,11,'Which JOIN returns all rows from both tables, regardless of match?',11,'easy'),(104,11,'Situational: You want every combination of students and courses, even if unrelated. Which JOIN should you use?',11,'easy'),(105,11,'Which JOIN may return NULL values in unmatched columns?',11,'easy'),(106,11,'Which JOIN is typically used for hierarchy queries, such as employees and managers?',11,'easy'),(107,11,'Which JOIN returns all rows from the right table and matching rows from the left table?',11,'easy'),(108,11,'Situational: You need all customers, even those without orders. Which JOIN works?',11,'easy'),(109,11,'Which JOIN keyword is the default if you just write JOIN?',11,'easy'),(110,11,'Which statement about CROSS JOIN is TRUE?',11,'easy'),(111,12,'Which SQL operator combines results from two queries and removes duplicates?',12,'easy'),(112,12,'Which SQL operator returns only the rows common to both queries?',12,'easy'),(113,12,'Which keyword should you use to include duplicates when combining results?',12,'easy'),(114,12,'Situational: You want a list of all employee IDs from table A and B without duplicates. Which operator should you use?',12,'easy'),(115,12,'Situational: You need only product IDs that exist in both inventory and sales. Which operator works?',12,'easy'),(116,12,'Which requirement must be true when using UNION?',12,'easy'),(117,12,'Which operator produces more rows: UNION or UNION ALL?',12,'easy'),(118,12,'Which clause can be used after UNION to sort the combined results?',12,'easy'),(119,12,'Which operator is not supported in some RDBMS like MySQL (without workaround)?',12,'easy'),(120,12,'Which statement about INTERSECT is TRUE?',12,'easy'),(121,13,'Which SQL keyword removes duplicate rows from a result set?',13,'easy'),(122,13,'Which clause allows you to rename a column or table temporarily?',13,'easy'),(123,13,'Situational: You need to calculate total_price as quantity * unit_price in a query. What is this called?',13,'easy'),(124,13,'Which keyword is used to assign an alias?',13,'easy'),(125,13,'What happens if you use DISTINCT on multiple columns?',13,'medium'),(126,13,'Which is a valid computed column example?',13,'easy'),(127,13,'Situational: You want to rename a long column name \"customer_full_name\" to \"Name\" in results. Which syntax works?',13,'easy'),(128,13,'What is a potential drawback of DISTINCT?',13,'easy'),(129,13,'Which keyword is often optional when defining an alias?',13,'easy'),(130,13,'Which statement is TRUE about computed columns?',13,'easy'),(131,14,'Which clause is used to filter rows based on conditions?',14,'easy'),(132,14,'Which clause sorts the result set?',14,'easy'),(133,14,'Which operator is used for pattern matching in SQL?',14,'easy'),(134,14,'Which operator checks if a value is within a list?',14,'easy'),(135,14,'Situational: You want all employees with salary between 3000 and 5000. Which condition works?',14,'easy'),(136,14,'Which operator checks for NULL values?',14,'easy'),(137,14,'Situational: You need to retrieve the top 5 highest salaries. Which clause should you use?',14,'easy'),(138,14,'Which logical operator negates a condition?',14,'easy'),(139,14,'Which operator compares a value to all values in a list?',14,'easy'),(140,14,'Which statement is TRUE about the WHERE clause?',14,'easy'),(141,15,'Which SQL clause is used to group rows that have the same values?',15,'easy'),(142,15,'Which clause is used to filter grouped results?',15,'easy'),(143,15,'Which function returns the smallest value in a column?',15,'easy'),(144,15,'Which function returns the largest value in a column?',15,'easy'),(145,15,'Situational: You want to count the number of students in each class. Which function should you use?',15,'easy'),(146,15,'Which function calculates the average of values in a column?',15,'easy'),(147,15,'Situational: You want total sales per region. Which function applies?',15,'easy'),(148,15,'Which function counts all rows, including duplicates?',15,'easy'),(149,15,'Which statement about GROUP BY and aggregate functions is TRUE?',15,'easy'),(150,15,'Situational: You need departments where total salary exceeds 50,000. Which clause applies?',15,'easy'),(151,16,'Which SQL command is used to add new rows into a table?',16,'easy'),(152,16,'Which syntax is correct for inserting a single row?',16,'easy'),(153,16,'Which syntax is correct for inserting multiple rows?',16,'easy'),(154,16,'Situational: You want to copy all rows from table A to table B. Which command should you use?',16,'easy'),(155,16,'Which SQL clause allows inserting data retrieved from a query?',16,'easy'),(156,16,'What happens if you omit a NOT NULL column without default value in an INSERT?',16,'medium'),(157,16,'Situational: You want to insert today\'s date as a value. Which function should you use?',16,'easy'),(158,16,'Which statement about INSERT INTO SELECT is TRUE?',16,'easy'),(159,16,'Which keyword ensures values map correctly to columns?',16,'easy'),(160,16,'Which error occurs if you try to insert a duplicate primary key?',16,'easy'),(161,17,'Which SQL command is used to modify existing rows in a table?',17,'easy'),(162,17,'What does the WHERE clause do in an UPDATE statement?',17,'easy'),(163,17,'Situational: You want to raise all employees\' salaries by 10%. Which statement works?',17,'easy'),(164,17,'What happens if you omit the WHERE clause in an UPDATE?',17,'medium'),(165,17,'Which function can be used to replace text values during an update?',17,'easy'),(166,17,'Which syntax updates multiple columns at once?',17,'easy'),(167,17,'Situational: You want to reset login attempts for inactive users. Which SQL works?',17,'easy'),(168,17,'Which SQL clause allows conditional logic in an UPDATE?',17,'easy'),(169,17,'What happens if the updated value violates a CHECK constraint?',17,'medium'),(170,17,'Which statement is TRUE about UPDATE?',17,'easy'),(171,18,'Which SQL command removes rows from a table?',18,'easy'),(172,18,'What is the effect of omitting WHERE in a DELETE statement?',18,'easy'),(173,18,'Situational: You want to delete all inactive users. Which statement works?',18,'easy'),(174,18,'Which SQL command removes all rows but keeps the table structure?',18,'easy'),(175,18,'What is the main difference between DELETE and DROP?',18,'easy'),(176,18,'Which clause specifies which rows to be deleted?',18,'easy'),(177,18,'Situational: Delete all orders older than 2020. Which is correct?',18,'easy'),(178,18,'What happens if a row to be deleted is referenced by a foreign key in another table?',18,'medium'),(179,18,'Which statement is TRUE about DELETE?',18,'easy'),(180,18,'Which command can reset an AUTO_INCREMENT counter after deleting rows?',18,'easy'),(181,19,'What is a common cause of an error when trying to drop a table?',19,'easy'),(182,19,'Which action should you take if a DROP TABLE fails due to foreign key constraints?',19,'easy'),(183,19,'Situational: You tried to create a table that already exists. Which SQL option can help?',19,'easy'),(184,19,'What should you check if ALTER TABLE ADD COLUMN fails?',19,'easy'),(185,19,'Which privilege is required to drop or create tables?',19,'easy'),(186,19,'Situational: You are unable to create an index because of duplicate key values. What should you do?',19,'easy'),(187,19,'What happens if you try to drop a non-existing view without using a safeguard?',19,'medium'),(188,19,'Which statement is TRUE about error messages in SQL?',19,'easy'),(189,19,'Which keyword can prevent an error if you try to drop a non-existent table?',19,'easy'),(190,19,'Situational: ALTER TABLE RENAME fails. What is the likely cause?',19,'easy'),(191,20,'Which is a common cause of missing rows in a SELECT query?',20,'easy'),(192,20,'Which SQL clause, if misused, can cause filtering out desired rows?',20,'easy'),(193,20,'Situational: A JOIN query returns too many rows. What is the likely cause?',20,'easy'),(194,20,'Which function can be used to find NULLs causing unexpected results?',20,'easy'),(195,20,'Situational: Your SELECT returns duplicates. Which keyword can help?',20,'easy'),(196,20,'What should you check if ORDER BY causes an error?',20,'easy'),(197,20,'Situational: You see “unknown column” error in WHERE clause. What is the cause?',20,'easy'),(198,20,'Which tool or clause can help you debug complex SQL queries step by step?',20,'easy'),(199,20,'Which statement about SQL errors is TRUE?',20,'easy'),(200,20,'Situational: A subquery returns multiple rows but you expected one. What could fix it?',20,'easy'),(201,21,'Which is a common cause of an UPDATE failing on a row?',21,'easy'),(202,21,'What happens if you try to insert a NULL into a NOT NULL column without a default?',21,'medium'),(203,21,'Situational: An UPDATE affects zero rows. What should you check first?',21,'easy'),(204,21,'Which SQL constraint often prevents modification of child rows?',21,'easy'),(205,21,'Which privilege is required to modify table data?',21,'easy'),(206,21,'Situational: An INSERT fails due to duplicate primary key. What can you do?',21,'easy'),(207,21,'Which SQL keyword allows conditional updates to avoid overwriting existing data?',21,'easy'),(208,21,'Situational: A DELETE fails because of ON DELETE RESTRICT. How to resolve?',21,'easy'),(209,21,'Which statement is TRUE about transactions when modifying data?',21,'easy'),(210,21,'Situational: UPDATE command fails with “check constraint violated”. What is the cause?',21,'easy'),(211,22,'You are designing a hospital database. Patients can have multiple emergency contacts, and contacts can be associated with multiple patients. What is the optimal design approach?',1,'hard'),(212,22,'A banking system requires audit trails for all transactions. Which normalization principle is most likely to be intentionally violated for performance reasons?',5,'easy'),(213,22,'When designing a primary key for a global e-commerce orders table, which factor is LEAST important?',2,'easy'),(214,22,'Which data type combination would be most appropriate for storing international currency values with exact precision?',3,'easy'),(215,22,'In a university database, what type of relationship exists between \"Courses\" and \"Prerequisites\" (where a course can have multiple prerequisites)?',4,'easy'),(216,22,'Which security measure is most effective against SQL injection attacks in a web application?',6,'easy'),(217,22,'A table contains customer orders with repeating customer information in each order. Which normal form violation does this represent?',5,'easy'),(218,22,'Which scenario would justify using a composite primary key over a surrogate key?',2,'easy'),(219,22,'What is the main disadvantage of using GUID/UUID as primary keys in high-volume transactional systems?',2,'easy'),(220,22,'Which database design principle is violated when storing first name, middle name, and last name in a single \"full_name\" column?',1,'easy'),(221,22,'For a real-time analytics dashboard requiring sub-second response times, which design approach would be most appropriate?',5,'easy'),(222,22,'Which relationship type would you use to model employees who can work in multiple departments simultaneously?',4,'easy'),(223,22,'What is the primary consideration when choosing between DATETIME and TIMESTAMP data types?',3,'easy'),(224,22,'Which encryption method is most suitable for protecting sensitive customer data at rest in the database?',6,'easy'),(225,22,'In a multi-tenant SaaS application, what is the most secure approach to isolating customer data?',6,'easy'),(226,23,'Which scenario would benefit most from using a materialized view instead of a standard view?',8,'easy'),(227,23,'What is the primary advantage of using stored procedures for complex business logic?',9,'easy'),(228,23,'When should you consider partitioning a large table instead of relying on indexes?',7,'easy'),(229,23,'Which index type would be most efficient for supporting range queries on a datetime column?',10,'easy'),(230,23,'What is the main risk of using dynamic SQL within stored procedures?',9,'easy'),(231,23,'Which ALTER TABLE operation would typically require the most downtime for a large table?',7,'easy'),(232,23,'When would you use a filtered/indexed view instead of a standard view?',8,'easy'),(233,23,'What is the key difference between clustered and non-clustered indexes in terms of storage?',10,'easy'),(234,23,'Which scenario justifies creating a function instead of a stored procedure?',9,'easy'),(235,23,'What is the primary purpose of the WITH SCHEMABINDING option when creating views?',8,'easy'),(236,23,'Which partitioning strategy is most suitable for time-series data?',7,'easy'),(237,23,'What is the main performance consideration when creating covering indexes?',10,'easy'),(238,23,'When should you use TRUNCATE TABLE instead of DELETE without a WHERE clause?',7,'easy'),(239,23,'What is the advantage of using INCLUDE columns in non-clustered indexes?',10,'easy'),(240,23,'Which stored procedure characteristic helps prevent SQL injection attacks?',9,'easy'),(241,24,'Which JOIN type would you use to find customers who have never placed an order?',11,'easy'),(242,24,'What is the most efficient way to retrieve the second highest salary from an employees table?',14,'easy'),(243,24,'Which scenario would benefit most from using a CTE (Common Table Expression) instead of a subquery?',13,'easy'),(244,24,'What is the key difference between UNION and UNION ALL in terms of performance?',12,'easy'),(245,24,'Which indexing strategy would best support a query filtering on multiple columns with OR conditions?',10,'easy'),(246,24,'When would you use EXISTS instead of IN for subquery conditions?',14,'easy'),(247,24,'What is the main advantage of using window functions over traditional GROUP BY?',15,'easy'),(248,24,'Which query pattern is most likely to cause a Cartesian product?',11,'easy'),(249,24,'What is the optimal approach for paginating through large result sets?',14,'easy'),(250,24,'Which scenario justifies using a correlated subquery?',14,'easy'),(251,24,'What is the primary benefit of using INTERSECT over INNER JOIN?',12,'easy'),(252,24,'Which query optimization technique would help most with wildcard searches on large text columns?',14,'easy'),(253,24,'When should you consider using a temporary table in a complex query?',13,'easy'),(254,24,'What is the main performance implication of using DISTINCT on multiple columns?',13,'easy'),(255,24,'Which analytical function would be most useful for calculating running totals?',15,'easy'),(256,25,'Which isolation level would you use to prevent phantom reads while allowing non-repeatable reads?',17,'easy'),(257,25,'What is the main advantage of using MERGE (UPSERT) operations over separate INSERT/UPDATE statements?',16,'easy'),(258,25,'Which scenario would benefit most from using batch processing for INSERT operations?',16,'easy'),(259,25,'What is the primary risk of using NOLOCK hint in SELECT statements?',17,'easy'),(260,25,'Which approach is most efficient for archiving old records from a large table?',18,'easy'),(261,25,'What is the key difference between DELETE and TRUNCATE in terms of transaction log usage?',18,'easy'),(262,25,'When would you use OUTPUT clause with DML operations?',17,'easy'),(263,25,'Which transaction pattern helps prevent deadlocks in concurrent systems?',17,'easy'),(264,25,'What is the main benefit of using sequence objects instead of identity columns?',16,'easy'),(265,25,'Which error handling approach is most robust for data modification operations?',18,'easy'),(266,25,'What is the primary advantage of using bulk insert operations over individual INSERT statements?',16,'easy'),(267,25,'When should you consider using delayed durability for transactions?',17,'easy'),(268,25,'Which locking hint would you use to prevent other transactions from reading uncommitted data?',17,'easy'),(269,25,'What is the optimal approach for updating large volumes of data with minimal blocking?',17,'easy'),(270,25,'Which scenario justifies using INSTEAD OF triggers for data modification?',18,'easy'),(271,26,'Which tool would be most helpful for identifying the root cause of a deadlock?',19,'easy'),(272,26,'What is the first step in troubleshooting a slowly performing query?',20,'easy'),(273,26,'Which scenario would most likely cause a transaction log to fill up rapidly?',21,'easy'),(274,26,'What is the most effective approach for resolving blocking issues in a production system?',19,'easy'),(275,26,'Which performance metric would indicate memory pressure on a database server?',20,'easy'),(276,26,'What is the primary cause of parameter sniffing issues in stored procedures?',21,'easy'),(277,26,'Which strategy is most effective for preventing database corruption?',19,'easy'),(278,26,'What is the best approach for identifying missing indexes on frequently queried columns?',20,'easy'),(279,26,'Which scenario would justify using the FORCE ORDER query hint?',21,'easy'),(280,26,'What is the most likely cause of a sudden increase in database CPU usage?',19,'easy'),(281,26,'Which technique is most effective for troubleshooting query performance regression?',20,'easy'),(282,26,'What is the primary risk of using the WITH NOCHECK option when enabling constraints?',21,'easy'),(283,26,'Which monitoring approach helps identify the source of I/O bottlenecks?',19,'easy'),(284,26,'What is the most effective strategy for handling auto-growth events in database files?',20,'easy'),(285,26,'Which recovery model provides the most flexibility for point-in-time recovery?',21,'easy'),(286,27,'What is the primary purpose of a Database Management System (DBMS)?',1,'easy'),(287,27,'Which part of a table uniquely identifies each record?',2,'easy'),(288,27,'Which SQL statement creates a new table?',7,'easy'),(289,27,'Which statement best describes a foreign key?',4,'easy'),(290,27,'What is the main goal of database normalization?',5,'easy'),(291,27,'Which normal form removes repeating groups (multivalued columns)?',5,'easy'),(292,27,'Which SQL clause filters rows returned by a SELECT?',14,'easy'),(293,27,'Which JOIN returns only rows with matching values in both tables?',11,'easy'),(294,27,'What does ACID stand for in transaction management?',19,'easy'),(295,27,'Which SQL command modifies existing records in a table?',17,'easy'),(296,27,'Which constraint ensures a column cannot be NULL?',8,'easy'),(297,27,'What is the primary purpose of a database index?',10,'easy'),(298,27,'Which SQL statement permanently deletes a table?',7,'easy'),(299,27,'Which JOIN returns all rows from the left table and matching rows from the right?',11,'easy'),(300,27,'Which normal form eliminates partial dependencies?',5,'easy'),(301,27,'What do you call a key composed of more than one column?',2,'easy'),(302,27,'Which SQL command changes a table structure (example: add column)?',7,'easy'),(303,27,'Which clause sorts the results of a query?',14,'easy'),(304,27,'What is a view in SQL?',8,'easy'),(305,27,'Which constraint enforces uniqueness on a column?',3,'easy'),(306,27,'Which property ensures transaction results persist after commit?',19,'easy'),(307,27,'Which command removes rows from a table but keeps the table structure?',18,'easy'),(308,27,'Which JOIN returns all records from either table (matches where possible)?',11,'easy'),(309,27,'What is the main purpose of normalization and design review?',5,'easy'),(310,27,'Which SQL aggregate returns the number of rows in a query?',15,'easy'),(311,27,'What does the COMMIT command do?',19,'easy'),(312,27,'What is a candidate key (other than the primary key)?',2,'easy'),(313,27,'Which SQL statement inserts data into a table?',16,'easy'),(314,27,'What is the purpose of GROUP BY in SQL?',15,'easy'),(315,27,'Which describes a surrogate key?',2,'easy');
/*!40000 ALTER TABLE `questions` ENABLE KEYS */;
UNLOCK TABLES;

--
-- Table structure for table `registration_code_uses`
--

DROP TABLE IF EXISTS `registration_code_uses`;
/*!40101 SET @saved_cs_client     = @@character_set_client */;
/*!50503 SET character_set_client = utf8mb4 */;
CREATE TABLE `registration_code_uses` (
  `id` int(11) NOT NULL AUTO_INCREMENT,
  `registration_code_id` int(11) NOT NULL,
  `student_id` int(11) NOT NULL,
  `used_at` datetime DEFAULT current_timestamp(),
  PRIMARY KEY (`id`),
  KEY `registration_code_id` (`registration_code_id`),
  KEY `student_id` (`student_id`),
  CONSTRAINT `registration_code_uses_ibfk_1` FOREIGN KEY (`registration_code_id`) REFERENCES `registration_codes` (`id`) ON DELETE CASCADE,
  CONSTRAINT `registration_code_uses_ibfk_2` FOREIGN KEY (`student_id`) REFERENCES `users` (`id`) ON DELETE CASCADE
) ENGINE=InnoDB AUTO_INCREMENT=4 DEFAULT CHARSET=utf8mb4 COLLATE=utf8mb4_general_ci;
/*!40101 SET character_set_client = @saved_cs_client */;

--
-- Dumping data for table `registration_code_uses`
--

LOCK TABLES `registration_code_uses` WRITE;
/*!40000 ALTER TABLE `registration_code_uses` DISABLE KEYS */;
INSERT INTO `registration_code_uses` VALUES (1,1,1,'2025-09-19 21:54:45'),(2,3,3,'2025-10-01 05:38:42'),(3,4,6,'2025-11-30 11:36:41');
/*!40000 ALTER TABLE `registration_code_uses` ENABLE KEYS */;
UNLOCK TABLES;

--
-- Table structure for table `registration_codes`
--

DROP TABLE IF EXISTS `registration_codes`;
/*!40101 SET @saved_cs_client     = @@character_set_client */;
/*!50503 SET character_set_client = utf8mb4 */;
CREATE TABLE `registration_codes` (
  `id` int(11) NOT NULL AUTO_INCREMENT,
  `code` varchar(50) NOT NULL,
  `course_id` int(11) NOT NULL,
  `active` tinyint(1) DEFAULT 1,
  `expires_at` datetime DEFAULT NULL,
  `created_by_admin` int(11) DEFAULT NULL,
  `created_at` datetime DEFAULT current_timestamp(),
  PRIMARY KEY (`id`),
  UNIQUE KEY `code` (`code`),
  KEY `course_id` (`course_id`),
  CONSTRAINT `registration_codes_ibfk_1` FOREIGN KEY (`course_id`) REFERENCES `courses` (`id`) ON DELETE CASCADE
) ENGINE=InnoDB AUTO_INCREMENT=5 DEFAULT CHARSET=utf8mb4 COLLATE=utf8mb4_general_ci;
/*!40101 SET character_set_client = @saved_cs_client */;

--
-- Dumping data for table `registration_codes`
--

LOCK TABLES `registration_codes` WRITE;
/*!40000 ALTER TABLE `registration_codes` DISABLE KEYS */;
INSERT INTO `registration_codes` VALUES (1,'dbase-7xz29a4p',1,0,'2026-09-17 19:51:19',NULL,'2025-09-17 19:51:19'),(3,'test_code123',1,0,'2026-09-21 19:51:40',NULL,'2025-09-21 19:51:40'),(4,'dbase-7xz29a5p',1,0,'2026-10-03 05:58:45',1,'2025-10-01 05:59:44');
/*!40000 ALTER TABLE `registration_codes` ENABLE KEYS */;
UNLOCK TABLES;

--
-- Table structure for table `student_achievements`
--

DROP TABLE IF EXISTS `student_achievements`;
/*!40101 SET @saved_cs_client     = @@character_set_client */;
/*!50503 SET character_set_client = utf8mb4 */;
CREATE TABLE `student_achievements` (
  `id` int(11) NOT NULL AUTO_INCREMENT,
  `student_id` int(11) NOT NULL,
  `achievement_id` int(11) NOT NULL,
  `unlocked_at` timestamp NOT NULL DEFAULT current_timestamp(),
  PRIMARY KEY (`id`),
  UNIQUE KEY `unique_student_achievement` (`student_id`,`achievement_id`),
  KEY `achievement_id` (`achievement_id`),
  CONSTRAINT `student_achievements_ibfk_1` FOREIGN KEY (`student_id`) REFERENCES `users` (`id`),
  CONSTRAINT `student_achievements_ibfk_2` FOREIGN KEY (`achievement_id`) REFERENCES `achievements` (`id`)
) ENGINE=InnoDB DEFAULT CHARSET=utf8mb4 COLLATE=utf8mb4_general_ci;
/*!40101 SET character_set_client = @saved_cs_client */;

--
-- Dumping data for table `student_achievements`
--

LOCK TABLES `student_achievements` WRITE;
/*!40000 ALTER TABLE `student_achievements` DISABLE KEYS */;
/*!40000 ALTER TABLE `student_achievements` ENABLE KEYS */;
UNLOCK TABLES;

--
-- Table structure for table `student_attempt_tracker`
--

DROP TABLE IF EXISTS `student_attempt_tracker`;
/*!40101 SET @saved_cs_client     = @@character_set_client */;
/*!50503 SET character_set_client = utf8mb4 */;
CREATE TABLE `student_attempt_tracker` (
  `id` int(11) NOT NULL AUTO_INCREMENT,
  `score` int(11) DEFAULT NULL,
  `time_taken` datetime DEFAULT current_timestamp(),
  `student_score_id` int(11) DEFAULT NULL,
  `seconds_spent` int(11) DEFAULT NULL,
  `exp_gained` int(11) DEFAULT NULL,
  `intelligent_exp_gain` int(11) DEFAULT NULL,
  PRIMARY KEY (`id`),
  KEY `student_score_id` (`student_score_id`),
  CONSTRAINT `student_attempt_tracker_ibfk_1` FOREIGN KEY (`student_score_id`) REFERENCES `student_score` (`id`) ON DELETE CASCADE
) ENGINE=InnoDB AUTO_INCREMENT=42 DEFAULT CHARSET=utf8mb4 COLLATE=utf8mb4_general_ci;
/*!40101 SET character_set_client = @saved_cs_client */;

--
-- Dumping data for table `student_attempt_tracker`
--

LOCK TABLES `student_attempt_tracker` WRITE;
/*!40000 ALTER TABLE `student_attempt_tracker` DISABLE KEYS */;
INSERT INTO `student_attempt_tracker` VALUES (1,10,'2025-09-22 17:55:13',1,13,90,45),(2,5,'2025-09-22 18:19:45',1,28,68,23),(3,6,'2025-09-22 18:23:33',2,16,48,18),(4,6,'2025-09-22 18:24:38',2,16,48,18),(5,6,'2025-09-22 18:26:13',2,16,48,18),(6,6,'2025-09-22 18:27:21',2,16,48,18),(7,6,'2025-09-22 18:27:49',2,16,48,18),(8,6,'2025-09-22 18:28:09',2,16,48,18),(9,5,'2025-09-22 22:24:19',3,13,45,15),(10,4,'2025-09-22 22:41:49',4,22,84,24),(11,7,'2025-09-22 22:44:32',5,11,153,63),(12,10,'2025-09-22 22:47:11',6,11,120,60),(13,2,'2025-10-04 12:36:38',7,NULL,54,9),(14,0,'2025-10-04 12:38:54',8,NULL,30,0),(15,0,'2025-10-04 12:42:44',9,NULL,30,0),(16,0,'2025-10-04 12:44:24',10,NULL,60,0),(17,0,'2025-10-04 12:46:11',11,NULL,90,0),(18,0,'2025-10-04 12:46:42',12,NULL,60,0),(19,4,'2025-10-05 15:40:08',13,25,399,84),(20,1,'2025-10-06 15:42:21',7,NULL,50,5),(21,4,'2025-10-07 22:58:05',7,NULL,63,18),(22,0,'2025-10-08 00:33:22',7,NULL,45,0),(23,6,'2025-10-08 00:45:06',13,60,441,126),(24,0,'2025-10-08 03:33:14',7,NULL,45,0),(25,0,'2025-10-08 08:26:26',13,33,315,0),(26,0,'2025-10-08 08:28:53',8,NULL,30,0),(27,3,'2025-11-22 14:23:46',7,NULL,59,14),(28,2,'2025-11-22 16:23:30',13,28,357,42),(29,0,'2025-11-22 18:49:08',10,NULL,60,0),(30,13,'2025-11-22 18:53:20',13,156,588,273),(31,1,'2025-11-22 18:54:05',14,NULL,66,6),(32,1,'2025-11-22 19:18:09',15,NULL,50,5),(33,0,'2025-11-22 19:27:01',16,NULL,90,0),(34,8,'2025-11-30 12:41:52',17,NULL,81,36),(35,10,'2025-11-30 22:06:03',18,NULL,60,30),(36,10,'2025-11-30 22:06:53',19,NULL,60,30),(37,10,'2025-11-30 22:08:52',20,NULL,120,60),(38,9,'2025-11-30 22:09:20',21,NULL,171,81),(39,10,'2025-11-30 22:09:46',22,NULL,120,60),(40,7,'2025-11-30 22:10:54',23,20,462,147),(41,11,'2025-11-30 22:13:56',23,114,546,231);
/*!40000 ALTER TABLE `student_attempt_tracker` ENABLE KEYS */;
UNLOCK TABLES;

--
-- Table structure for table `student_courses`
--

DROP TABLE IF EXISTS `student_courses`;
/*!40101 SET @saved_cs_client     = @@character_set_client */;
/*!50503 SET character_set_client = utf8mb4 */;
CREATE TABLE `student_courses` (
  `id` int(11) NOT NULL AUTO_INCREMENT,
  `student_id` int(11) NOT NULL,
  `course_id` int(11) NOT NULL,
  `enrolled_at` datetime DEFAULT current_timestamp(),
  PRIMARY KEY (`id`),
  UNIQUE KEY `uq_student_course` (`student_id`,`course_id`),
  KEY `course_id` (`course_id`),
  CONSTRAINT `student_courses_ibfk_1` FOREIGN KEY (`student_id`) REFERENCES `users` (`id`) ON DELETE CASCADE,
  CONSTRAINT `student_courses_ibfk_2` FOREIGN KEY (`course_id`) REFERENCES `courses` (`id`) ON DELETE CASCADE
) ENGINE=InnoDB AUTO_INCREMENT=4 DEFAULT CHARSET=utf8mb4 COLLATE=utf8mb4_general_ci;
/*!40101 SET character_set_client = @saved_cs_client */;

--
-- Dumping data for table `student_courses`
--

LOCK TABLES `student_courses` WRITE;
/*!40000 ALTER TABLE `student_courses` DISABLE KEYS */;
INSERT INTO `student_courses` VALUES (1,1,1,'2025-09-19 21:54:45'),(2,3,1,'2025-10-01 05:38:42'),(3,6,1,'2025-11-30 11:36:41');
/*!40000 ALTER TABLE `student_courses` ENABLE KEYS */;
UNLOCK TABLES;

--
-- Table structure for table `student_daily_goals`
--

DROP TABLE IF EXISTS `student_daily_goals`;
/*!40101 SET @saved_cs_client     = @@character_set_client */;
/*!50503 SET character_set_client = utf8mb4 */;
CREATE TABLE `student_daily_goals` (
  `id` int(11) NOT NULL AUTO_INCREMENT,
  `student_id` int(11) NOT NULL,
  `daily_goal_id` int(11) NOT NULL,
  `date` date NOT NULL,
  `progress_current` int(11) DEFAULT 0,
  `is_completed` tinyint(1) DEFAULT 0,
  `completed_at` timestamp NULL DEFAULT NULL,
  `claimed_reward` tinyint(1) DEFAULT 0,
  `created_at` timestamp NOT NULL DEFAULT current_timestamp(),
  `updated_at` timestamp NOT NULL DEFAULT current_timestamp() ON UPDATE current_timestamp(),
  PRIMARY KEY (`id`),
  UNIQUE KEY `unique_student_goal_date` (`student_id`,`daily_goal_id`,`date`),
  KEY `daily_goal_id` (`daily_goal_id`),
  CONSTRAINT `student_daily_goals_ibfk_1` FOREIGN KEY (`student_id`) REFERENCES `users` (`id`),
  CONSTRAINT `student_daily_goals_ibfk_2` FOREIGN KEY (`daily_goal_id`) REFERENCES `daily_goals` (`id`)
) ENGINE=InnoDB AUTO_INCREMENT=35 DEFAULT CHARSET=utf8mb4 COLLATE=utf8mb4_general_ci;
/*!40101 SET character_set_client = @saved_cs_client */;

--
-- Dumping data for table `student_daily_goals`
--

LOCK TABLES `student_daily_goals` WRITE;
/*!40000 ALTER TABLE `student_daily_goals` DISABLE KEYS */;
INSERT INTO `student_daily_goals` VALUES (6,3,1,'2025-11-22',2,1,NULL,0,'2025-11-22 10:30:19','2025-11-22 11:15:33'),(7,3,2,'2025-11-22',5,1,NULL,1,'2025-11-22 10:30:19','2025-11-22 11:27:01'),(9,3,4,'2025-11-22',2,0,NULL,0,'2025-11-22 10:30:19','2025-11-22 10:30:19'),(15,5,4,'2025-11-26',0,0,NULL,0,'2025-11-26 10:55:23','2025-11-26 10:55:23'),(16,5,6,'2025-11-26',0,0,NULL,0,'2025-11-26 10:55:23','2025-11-26 10:55:23'),(17,3,1,'2025-11-26',2,1,NULL,1,'2025-11-26 10:59:18','2025-11-26 10:59:18'),(18,3,2,'2025-11-26',0,0,NULL,0,'2025-11-26 10:59:18','2025-11-26 10:59:18'),(20,3,6,'2025-11-29',0,0,NULL,0,'2025-11-29 03:09:28','2025-11-29 03:09:28'),(21,3,2,'2025-11-29',0,0,NULL,0,'2025-11-29 03:09:28','2025-11-29 03:09:28'),(22,3,5,'2025-11-29',0,0,NULL,0,'2025-11-29 03:09:28','2025-11-29 03:09:28'),(23,6,2,'2025-11-30',5,1,NULL,1,'2025-11-30 04:31:38','2025-11-30 14:09:20'),(24,6,6,'2025-11-30',0,0,NULL,0,'2025-11-30 04:31:38','2025-11-30 04:31:38'),(25,6,5,'2025-11-30',1,1,NULL,1,'2025-11-30 04:31:38','2025-11-30 14:06:03'),(26,6,6,'2025-12-01',0,0,NULL,0,'2025-11-30 23:14:22','2025-11-30 23:14:22'),(27,6,5,'2025-12-01',0,0,NULL,0,'2025-11-30 23:14:22','2025-11-30 23:14:22'),(28,6,4,'2025-12-01',0,0,NULL,0,'2025-11-30 23:14:22','2025-11-30 23:14:22'),(29,6,4,'2025-12-02',0,0,NULL,0,'2025-12-02 01:52:55','2025-12-02 01:52:55'),(30,6,5,'2025-12-02',0,0,NULL,0,'2025-12-02 01:52:55','2025-12-02 01:52:55'),(31,6,6,'2025-12-02',0,0,NULL,0,'2025-12-02 01:52:55','2025-12-02 01:52:55'),(32,6,1,'2025-12-03',2,1,NULL,1,'2025-12-03 01:17:54','2025-12-03 01:17:54'),(33,6,4,'2025-12-03',0,0,NULL,0,'2025-12-03 01:17:54','2025-12-03 01:17:54'),(34,6,2,'2025-12-03',0,0,NULL,0,'2025-12-03 01:17:54','2025-12-03 01:17:54');
/*!40000 ALTER TABLE `student_daily_goals` ENABLE KEYS */;
UNLOCK TABLES;

--
-- Table structure for table `student_login_streak`
--

DROP TABLE IF EXISTS `student_login_streak`;
/*!40101 SET @saved_cs_client     = @@character_set_client */;
/*!50503 SET character_set_client = utf8mb4 */;
CREATE TABLE `student_login_streak` (
  `id` int(11) NOT NULL AUTO_INCREMENT,
  `student_id` int(11) NOT NULL,
  `last_login_date` date NOT NULL,
  `current_streak` int(11) DEFAULT 1,
  `longest_streak` int(11) DEFAULT 1,
  `updated_at` timestamp NOT NULL DEFAULT current_timestamp() ON UPDATE current_timestamp(),
  PRIMARY KEY (`id`),
  UNIQUE KEY `unique_student_login` (`student_id`),
  CONSTRAINT `student_login_streak_ibfk_1` FOREIGN KEY (`student_id`) REFERENCES `users` (`id`)
) ENGINE=InnoDB AUTO_INCREMENT=4 DEFAULT CHARSET=utf8mb4 COLLATE=utf8mb4_general_ci;
/*!40101 SET character_set_client = @saved_cs_client */;

--
-- Dumping data for table `student_login_streak`
--

LOCK TABLES `student_login_streak` WRITE;
/*!40000 ALTER TABLE `student_login_streak` DISABLE KEYS */;
INSERT INTO `student_login_streak` VALUES (1,3,'2025-11-29',1,1,'2025-11-29 03:09:28'),(2,5,'2025-11-26',1,1,'2025-11-26 10:55:23'),(3,6,'2025-12-03',4,4,'2025-12-03 01:17:54');
/*!40000 ALTER TABLE `student_login_streak` ENABLE KEYS */;
UNLOCK TABLES;

--
-- Table structure for table `student_performance`
--

DROP TABLE IF EXISTS `student_performance`;
/*!40101 SET @saved_cs_client     = @@character_set_client */;
/*!50503 SET character_set_client = utf8mb4 */;
CREATE TABLE `student_performance` (
  `id` int(11) NOT NULL AUTO_INCREMENT,
  `user_id` int(11) NOT NULL,
  `assessment_id` int(11) DEFAULT NULL,
  `question_id` int(11) DEFAULT NULL,
  `result` tinyint(1) DEFAULT NULL,
  `topic_id` int(11) DEFAULT NULL,
  `attempt_id` int(11) DEFAULT NULL,
  PRIMARY KEY (`id`),
  KEY `assessment_id` (`assessment_id`),
  KEY `question_id` (`question_id`),
  KEY `topic_id` (`topic_id`),
  KEY `idx_attempt_id` (`attempt_id`),
  CONSTRAINT `fk_student_performance_attempt` FOREIGN KEY (`attempt_id`) REFERENCES `student_attempt_tracker` (`id`) ON DELETE CASCADE ON UPDATE NO ACTION,
  CONSTRAINT `student_performance_ibfk_1` FOREIGN KEY (`assessment_id`) REFERENCES `assessments` (`id`) ON DELETE CASCADE,
  CONSTRAINT `student_performance_ibfk_2` FOREIGN KEY (`question_id`) REFERENCES `questions` (`id`) ON DELETE CASCADE,
  CONSTRAINT `student_performance_ibfk_3` FOREIGN KEY (`topic_id`) REFERENCES `topics` (`id`) ON DELETE CASCADE
) ENGINE=InnoDB AUTO_INCREMENT=447 DEFAULT CHARSET=utf8mb4 COLLATE=utf8mb4_general_ci;
/*!40101 SET character_set_client = @saved_cs_client */;

--
-- Dumping data for table `student_performance`
--

LOCK TABLES `student_performance` WRITE;
/*!40000 ALTER TABLE `student_performance` DISABLE KEYS */;
INSERT INTO `student_performance` VALUES (1,1,1,1,1,1,1),(2,1,1,2,1,1,1),(3,1,1,3,1,1,1),(4,1,1,4,1,1,1),(5,1,1,5,1,1,1),(6,1,1,6,1,1,1),(7,1,1,7,1,1,1),(8,1,1,8,1,1,1),(9,1,1,9,1,1,1),(10,1,1,10,1,1,1),(11,1,1,1,1,1,2),(12,1,1,2,1,1,2),(13,1,1,3,1,1,2),(14,1,1,4,1,1,2),(15,1,1,5,1,1,2),(16,1,1,6,0,1,2),(17,1,1,7,0,1,2),(18,1,1,8,0,1,2),(19,1,1,9,0,1,2),(20,1,1,10,0,1,2),(21,1,2,11,1,2,3),(22,1,2,12,0,2,3),(23,1,2,13,1,2,3),(24,1,2,14,0,2,3),(25,1,2,15,1,2,3),(26,1,2,16,1,2,3),(27,1,2,17,1,2,3),(28,1,2,18,1,2,3),(29,1,2,19,0,2,3),(30,1,2,20,0,2,3),(31,1,2,11,1,2,4),(32,1,2,12,0,2,4),(33,1,2,13,1,2,4),(34,1,2,14,0,2,4),(35,1,2,15,1,2,4),(36,1,2,16,1,2,4),(37,1,2,17,1,2,4),(38,1,2,18,1,2,4),(39,1,2,19,0,2,4),(40,1,2,20,0,2,4),(41,1,2,11,1,2,5),(42,1,2,12,0,2,5),(43,1,2,13,1,2,5),(44,1,2,14,0,2,5),(45,1,2,15,1,2,5),(46,1,2,16,1,2,5),(47,1,2,17,1,2,5),(48,1,2,18,1,2,5),(49,1,2,19,0,2,5),(50,1,2,20,0,2,5),(51,1,2,11,1,2,6),(52,1,2,12,0,2,6),(53,1,2,13,1,2,6),(54,1,2,14,0,2,6),(55,1,2,15,1,2,6),(56,1,2,16,1,2,6),(57,1,2,17,1,2,6),(58,1,2,18,1,2,6),(59,1,2,19,0,2,6),(60,1,2,20,0,2,6),(61,1,2,11,1,2,7),(62,1,2,12,0,2,7),(63,1,2,13,1,2,7),(64,1,2,14,0,2,7),(65,1,2,15,1,2,7),(66,1,2,16,1,2,7),(67,1,2,17,1,2,7),(68,1,2,18,1,2,7),(69,1,2,19,0,2,7),(70,1,2,20,0,2,7),(71,1,2,11,1,2,8),(72,1,2,12,0,2,8),(73,1,2,13,1,2,8),(74,1,2,14,0,2,8),(75,1,2,15,1,2,8),(76,1,2,16,1,2,8),(77,1,2,17,1,2,8),(78,1,2,18,1,2,8),(79,1,2,19,0,2,8),(80,1,2,20,0,2,8),(81,1,3,21,1,3,9),(82,1,3,22,0,3,9),(83,1,3,23,0,3,9),(84,1,3,24,1,3,9),(85,1,3,25,1,3,9),(86,1,3,26,0,3,9),(87,1,3,27,0,3,9),(88,1,3,28,1,3,9),(89,1,3,29,1,3,9),(90,1,3,30,0,3,9),(91,1,4,31,0,4,10),(92,1,4,32,0,4,10),(93,1,4,33,1,4,10),(94,1,4,34,0,4,10),(95,1,4,35,0,4,10),(96,1,4,36,0,4,10),(97,1,4,37,1,4,10),(98,1,4,38,1,4,10),(99,1,4,39,0,4,10),(100,1,4,40,1,4,10),(101,1,5,41,1,5,11),(102,1,5,42,0,5,11),(103,1,5,43,0,5,11),(104,1,5,44,0,5,11),(105,1,5,45,1,5,11),(106,1,5,46,1,5,11),(107,1,5,47,1,5,11),(108,1,5,48,1,5,11),(109,1,5,49,1,5,11),(110,1,5,50,1,5,11),(111,1,6,51,1,6,12),(112,1,6,52,1,6,12),(113,1,6,53,1,6,12),(114,1,6,54,1,6,12),(115,1,6,55,1,6,12),(116,1,6,56,1,6,12),(117,1,6,57,1,6,12),(118,1,6,58,1,6,12),(119,1,6,59,1,6,12),(120,1,6,60,1,6,12),(121,3,1,1,1,1,13),(122,3,1,2,0,1,13),(123,3,1,3,0,1,13),(124,3,1,4,0,1,13),(125,3,1,5,1,1,13),(126,3,1,6,0,1,13),(127,3,1,7,0,1,13),(128,3,1,8,0,1,13),(129,3,1,9,0,1,13),(130,3,1,10,0,1,13),(131,3,2,1,0,2,14),(132,3,2,2,0,2,14),(133,3,2,3,0,2,14),(134,3,2,4,0,2,14),(135,3,2,5,0,2,14),(136,3,2,6,0,2,14),(137,3,2,7,0,2,14),(138,3,2,8,0,2,14),(139,3,2,9,0,2,14),(140,3,2,10,0,2,14),(141,3,3,1,0,3,15),(142,3,3,2,0,3,15),(143,3,3,3,0,3,15),(144,3,3,4,0,3,15),(145,3,3,5,0,3,15),(146,3,3,6,0,3,15),(147,3,3,7,0,3,15),(148,3,3,8,0,3,15),(149,3,3,9,0,3,15),(150,3,3,10,0,3,15),(151,3,4,1,0,4,16),(152,3,4,2,0,4,16),(153,3,4,3,0,4,16),(154,3,4,4,0,4,16),(155,3,4,5,0,4,16),(156,3,4,6,0,4,16),(157,3,4,7,0,4,16),(158,3,4,8,0,4,16),(159,3,4,9,0,4,16),(160,3,4,10,0,4,16),(161,3,5,1,0,5,17),(162,3,5,2,0,5,17),(163,3,5,3,0,5,17),(164,3,5,4,0,5,17),(165,3,5,5,0,5,17),(166,3,5,6,0,5,17),(167,3,5,7,0,5,17),(168,3,5,8,0,5,17),(169,3,5,9,0,5,17),(170,3,5,10,0,5,17),(171,3,6,1,0,6,18),(172,3,6,2,0,6,18),(173,3,6,3,0,6,18),(174,3,6,4,0,6,18),(175,3,6,5,0,6,18),(176,3,6,6,0,6,18),(177,3,6,7,0,6,18),(178,3,6,8,0,6,18),(179,3,6,9,0,6,18),(180,3,6,10,0,6,18),(181,3,22,211,0,1,19),(182,3,22,212,1,5,19),(183,3,22,213,0,2,19),(184,3,22,214,0,3,19),(185,3,22,215,1,4,19),(186,3,22,216,0,6,19),(187,3,22,217,0,5,19),(188,3,22,218,0,2,19),(189,3,22,219,0,2,19),(190,3,22,220,0,1,19),(191,3,22,221,0,5,19),(192,3,22,222,0,4,19),(193,3,22,223,0,3,19),(194,3,22,224,1,6,19),(195,3,22,225,1,6,19),(196,3,1,1,1,1,20),(197,3,1,2,0,1,20),(198,3,1,3,0,1,20),(199,3,1,4,0,1,20),(200,3,1,5,0,1,20),(201,3,1,6,0,1,20),(202,3,1,7,0,1,20),(203,3,1,8,0,1,20),(204,3,1,9,0,1,20),(205,3,1,10,0,1,20),(206,3,1,1,1,1,21),(207,3,1,2,1,1,21),(208,3,1,3,0,1,21),(209,3,1,4,0,1,21),(210,3,1,5,0,1,21),(211,3,1,6,0,1,21),(212,3,1,7,0,1,21),(213,3,1,8,0,1,21),(214,3,1,9,1,1,21),(215,3,1,10,1,1,21),(216,3,1,1,0,1,22),(217,3,1,2,0,1,22),(218,3,1,3,0,1,22),(219,3,1,4,0,1,22),(220,3,1,5,0,1,22),(221,3,1,6,0,1,22),(222,3,1,7,0,1,22),(223,3,1,8,0,1,22),(224,3,1,9,0,1,22),(225,3,1,10,0,1,22),(226,3,22,211,0,1,23),(227,3,22,212,0,5,23),(228,3,22,213,0,2,23),(229,3,22,214,0,3,23),(230,3,22,215,0,4,23),(231,3,22,216,1,6,23),(232,3,22,217,0,5,23),(233,3,22,218,1,2,23),(234,3,22,219,1,2,23),(235,3,22,220,1,1,23),(236,3,22,221,0,5,23),(237,3,22,222,1,4,23),(238,3,22,223,1,3,23),(239,3,22,224,0,6,23),(240,3,22,225,0,6,23),(241,3,1,1,0,1,24),(242,3,1,2,0,1,24),(243,3,1,3,0,1,24),(244,3,1,4,0,1,24),(245,3,1,5,0,1,24),(246,3,1,6,0,1,24),(247,3,1,7,0,1,24),(248,3,1,8,0,1,24),(249,3,1,9,0,1,24),(250,3,1,10,0,1,24),(251,3,22,211,0,1,25),(252,3,22,212,0,5,25),(253,3,22,213,0,2,25),(254,3,22,214,0,3,25),(255,3,22,215,0,4,25),(256,3,22,216,0,6,25),(257,3,22,217,0,5,25),(258,3,22,218,0,2,25),(259,3,22,219,0,2,25),(260,3,22,220,0,1,25),(261,3,22,221,0,5,25),(262,3,22,222,0,4,25),(263,3,22,223,0,3,25),(264,3,22,224,0,6,25),(265,3,22,225,0,6,25),(266,3,2,1,0,2,26),(267,3,2,2,0,2,26),(268,3,2,3,0,2,26),(269,3,2,4,0,2,26),(270,3,2,5,0,2,26),(271,3,2,6,0,2,26),(272,3,2,7,0,2,26),(273,3,2,8,0,2,26),(274,3,2,9,0,2,26),(275,3,2,10,0,2,26),(276,3,1,1,0,1,27),(277,3,1,2,0,1,27),(278,3,1,3,0,1,27),(279,3,1,4,0,1,27),(280,3,1,5,1,1,27),(281,3,1,6,0,1,27),(282,3,1,7,1,1,27),(283,3,1,8,1,1,27),(284,3,1,9,0,1,27),(285,3,1,10,0,1,27),(286,3,22,211,0,1,28),(287,3,22,212,0,5,28),(288,3,22,213,0,2,28),(289,3,22,214,0,3,28),(290,3,22,215,1,4,28),(291,3,22,216,0,6,28),(292,3,22,217,0,5,28),(293,3,22,218,0,2,28),(294,3,22,219,0,2,28),(295,3,22,220,0,1,28),(296,3,22,221,0,5,28),(297,3,22,222,1,4,28),(298,3,22,223,0,3,28),(299,3,22,224,0,6,28),(300,3,22,225,0,6,28),(301,3,4,31,0,4,29),(302,3,4,32,0,4,29),(303,3,4,33,0,4,29),(304,3,4,34,0,4,29),(305,3,4,35,0,4,29),(306,3,4,36,0,4,29),(307,3,4,37,0,4,29),(308,3,4,38,0,4,29),(309,3,4,39,0,4,29),(310,3,4,40,0,4,29),(311,3,22,211,1,1,30),(312,3,22,212,1,5,30),(313,3,22,213,1,2,30),(314,3,22,214,1,3,30),(315,3,22,215,0,4,30),(316,3,22,216,1,6,30),(317,3,22,217,0,5,30),(318,3,22,218,1,2,30),(319,3,22,219,1,2,30),(320,3,22,220,1,1,30),(321,3,22,221,1,5,30),(322,3,22,222,1,4,30),(323,3,22,223,1,3,30),(324,3,22,224,1,6,30),(325,3,22,225,1,6,30),(326,3,7,31,1,7,31),(327,3,7,32,0,7,31),(328,3,7,33,0,7,31),(329,3,7,34,0,7,31),(330,3,7,35,0,7,31),(331,3,7,36,0,7,31),(332,3,7,37,0,7,31),(333,3,7,38,0,7,31),(334,3,7,39,0,7,31),(335,3,7,40,0,7,31),(336,3,8,31,0,8,32),(337,3,8,32,0,8,32),(338,3,8,33,0,8,32),(339,3,8,34,0,8,32),(340,3,8,35,1,8,32),(341,3,8,36,0,8,32),(342,3,8,37,0,8,32),(343,3,8,38,0,8,32),(344,3,8,39,0,8,32),(345,3,8,40,0,8,32),(346,3,9,31,0,9,33),(347,3,9,32,0,9,33),(348,3,9,33,0,9,33),(349,3,9,34,0,9,33),(350,3,9,35,0,9,33),(351,3,9,36,0,9,33),(352,3,9,37,0,9,33),(353,3,9,38,0,9,33),(354,3,9,39,0,9,33),(355,3,9,40,0,9,33),(356,6,1,1,1,1,34),(357,6,1,2,0,1,34),(358,6,1,3,0,1,34),(359,6,1,4,1,1,34),(360,6,1,5,1,1,34),(361,6,1,6,1,1,34),(362,6,1,7,1,1,34),(363,6,1,8,1,1,34),(364,6,1,9,1,1,34),(365,6,1,10,1,1,34),(366,6,2,11,1,2,35),(367,6,2,12,1,2,35),(368,6,2,13,1,2,35),(369,6,2,14,1,2,35),(370,6,2,15,1,2,35),(371,6,2,16,1,2,35),(372,6,2,17,1,2,35),(373,6,2,18,1,2,35),(374,6,2,19,1,2,35),(375,6,2,20,1,2,35),(376,6,3,11,1,3,36),(377,6,3,12,1,3,36),(378,6,3,13,1,3,36),(379,6,3,14,1,3,36),(380,6,3,15,1,3,36),(381,6,3,16,1,3,36),(382,6,3,17,1,3,36),(383,6,3,18,1,3,36),(384,6,3,19,1,3,36),(385,6,3,20,1,3,36),(386,6,4,11,1,4,37),(387,6,4,12,1,4,37),(388,6,4,13,1,4,37),(389,6,4,14,1,4,37),(390,6,4,15,1,4,37),(391,6,4,16,1,4,37),(392,6,4,17,1,4,37),(393,6,4,18,1,4,37),(394,6,4,19,1,4,37),(395,6,4,20,1,4,37),(396,6,5,11,0,5,38),(397,6,5,12,1,5,38),(398,6,5,13,1,5,38),(399,6,5,14,1,5,38),(400,6,5,15,1,5,38),(401,6,5,16,1,5,38),(402,6,5,17,1,5,38),(403,6,5,18,1,5,38),(404,6,5,19,1,5,38),(405,6,5,20,1,5,38),(406,6,6,11,1,6,39),(407,6,6,12,1,6,39),(408,6,6,13,1,6,39),(409,6,6,14,1,6,39),(410,6,6,15,1,6,39),(411,6,6,16,1,6,39),(412,6,6,17,1,6,39),(413,6,6,18,1,6,39),(414,6,6,19,1,6,39),(415,6,6,20,1,6,39),(416,6,22,211,1,1,40),(417,6,22,212,0,5,40),(418,6,22,213,0,2,40),(419,6,22,214,0,3,40),(420,6,22,215,1,4,40),(421,6,22,216,0,6,40),(422,6,22,217,0,5,40),(423,6,22,218,0,2,40),(424,6,22,219,1,2,40),(425,6,22,220,1,1,40),(426,6,22,221,1,5,40),(427,6,22,222,0,4,40),(428,6,22,223,1,3,40),(429,6,22,224,0,6,40),(430,6,22,225,1,6,40),(431,6,22,211,1,1,41),(432,6,22,212,0,5,41),(433,6,22,213,0,2,41),(434,6,22,214,1,3,41),(435,6,22,215,1,4,41),(436,6,22,216,1,6,41),(437,6,22,217,1,5,41),(438,6,22,218,1,2,41),(439,6,22,219,0,2,41),(440,6,22,220,1,1,41),(441,6,22,221,0,5,41),(442,6,22,222,1,4,41),(443,6,22,223,1,3,41),(444,6,22,224,1,6,41),(445,6,22,225,1,6,41);
/*!40000 ALTER TABLE `student_performance` ENABLE KEYS */;
UNLOCK TABLES;

--
-- Table structure for table `student_score`
--

DROP TABLE IF EXISTS `student_score`;
/*!40101 SET @saved_cs_client     = @@character_set_client */;
/*!50503 SET character_set_client = utf8mb4 */;
CREATE TABLE `student_score` (
  `id` int(11) NOT NULL AUTO_INCREMENT,
  `user_id` int(11) NOT NULL,
  `assessment_id` int(11) DEFAULT NULL,
  `last_score` int(11) DEFAULT NULL,
  `attempt_count` int(11) DEFAULT NULL,
  `time_taken` timestamp NOT NULL DEFAULT current_timestamp() ON UPDATE current_timestamp(),
  `seconds_spent` int(11) DEFAULT NULL,
  `exp_gained` int(11) DEFAULT NULL,
  `intelligent_exp_gained` int(11) DEFAULT NULL,
  PRIMARY KEY (`id`),
  KEY `assessment_id` (`assessment_id`),
  CONSTRAINT `student_score_ibfk_1` FOREIGN KEY (`assessment_id`) REFERENCES `assessments` (`id`) ON DELETE CASCADE
) ENGINE=InnoDB AUTO_INCREMENT=24 DEFAULT CHARSET=utf8mb4 COLLATE=utf8mb4_general_ci;
/*!40101 SET character_set_client = @saved_cs_client */;

--
-- Dumping data for table `student_score`
--

LOCK TABLES `student_score` WRITE;
/*!40000 ALTER TABLE `student_score` DISABLE KEYS */;
INSERT INTO `student_score` VALUES (1,1,1,5,2,'2025-09-22 10:19:45',28,68,23),(2,1,2,6,6,'2025-09-22 10:28:09',16,48,18),(3,1,3,5,1,'2025-09-22 14:24:19',13,45,15),(4,1,4,4,1,'2025-09-22 14:41:49',22,84,24),(5,1,5,7,1,'2025-09-22 14:44:32',11,153,63),(6,1,6,10,1,'2025-09-22 14:47:11',11,120,60),(7,3,1,3,6,'2025-11-22 06:23:46',NULL,59,14),(8,3,2,0,2,'2025-10-08 00:28:53',NULL,30,0),(9,3,3,0,1,'2025-10-04 04:42:44',NULL,30,0),(10,3,4,0,2,'2025-11-22 10:49:08',NULL,60,0),(11,3,5,0,1,'2025-10-04 04:46:11',NULL,90,0),(12,3,6,0,1,'2025-10-04 04:46:42',NULL,60,0),(13,3,22,13,5,'2025-11-22 10:53:20',156,588,273),(14,3,7,1,1,'2025-11-22 10:54:05',NULL,66,6),(15,3,8,1,1,'2025-11-22 11:18:09',NULL,50,5),(16,3,9,0,1,'2025-11-22 11:27:01',NULL,90,0),(17,6,1,8,1,'2025-11-30 04:41:52',NULL,81,36),(18,6,2,10,1,'2025-11-30 14:06:03',NULL,60,30),(19,6,3,10,1,'2025-11-30 14:06:53',NULL,60,30),(20,6,4,10,1,'2025-11-30 14:08:52',NULL,120,60),(21,6,5,9,1,'2025-11-30 14:09:20',NULL,171,81),(22,6,6,10,1,'2025-11-30 14:09:46',NULL,120,60),(23,6,22,11,2,'2025-11-30 14:13:56',114,546,231);
/*!40000 ALTER TABLE `student_score` ENABLE KEYS */;
UNLOCK TABLES;

--
-- Table structure for table `topics`
--

DROP TABLE IF EXISTS `topics`;
/*!40101 SET @saved_cs_client     = @@character_set_client */;
/*!50503 SET character_set_client = utf8mb4 */;
CREATE TABLE `topics` (
  `id` int(11) NOT NULL AUTO_INCREMENT,
  `title` varchar(255) NOT NULL,
  `description` text NOT NULL,
  `content` text NOT NULL,
  `module_id` int(11) NOT NULL,
  `estimated_minute` int(11) NOT NULL,
  `total_exp` int(11) NOT NULL,
  `content_type` enum('text','image','video','code','quiz') DEFAULT 'text',
  PRIMARY KEY (`id`),
  KEY `topics_ibfk_1` (`module_id`),
  CONSTRAINT `topics_ibfk_1` FOREIGN KEY (`module_id`) REFERENCES `modules` (`id`) ON DELETE CASCADE
) ENGINE=InnoDB AUTO_INCREMENT=22 DEFAULT CHARSET=utf8mb4 COLLATE=utf8mb4_general_ci;
/*!40101 SET character_set_client = @saved_cs_client */;

--
-- Dumping data for table `topics`
--

LOCK TABLES `topics` WRITE;
/*!40000 ALTER TABLE `topics` DISABLE KEYS */;
INSERT INTO `topics` VALUES (1,'Design tables for storing data','Structure tables to hold information efficiently.','# Design Tables for Storing Data\n\nDesigning effective tables is the foundation of database development. Well-structured tables ensure data integrity, performance, and maintainability.\n\n## Key Principles:\n\n**Atomic Values**: Each column should contain only one piece of information\n**Appropriate Naming**: Use clear, descriptive names for tables and columns\n**Data Types**: Choose the most specific data type for each column\n**Constraints**: Implement constraints to enforce data validity\n\n## Table Design Process:\n\n1. **Identify Entities**: Determine what objects need to be stored\n2. **Define Attributes**: List all properties for each entity\n3. **Establish Relationships**: Determine how entities relate to each other\n4. **Apply Normalization**: Organize to minimize redundancy\n\n## Best Practices:\n\n- Use singular nouns for table names (Customer, not Customers)\n- Include primary key in every table\n- Avoid reserved words for names\n- Document table purposes and relationships\n- Consider future growth and changes\n\n## Common Patterns:\n\n**Lookup Tables**: For standardized values (status types, categories)\n**Junction Tables**: For many-to-many relationships\n**Audit Tables**: For tracking changes and history\n\n## Performance Considerations:\n\n- Estimate table growth rates\n- Plan for indexing strategy\n- Consider partitioning for large tables\n- Archive historical data separately\n\n## Example Structure:\n```sql\nCREATE TABLE employees (\n    employee_id INT PRIMARY KEY,\n    first_name VARCHAR(50) NOT NULL,\n    last_name VARCHAR(50) NOT NULL,\n    email VARCHAR(100) UNIQUE,\n    hire_date DATE NOT NULL,\n    department_id INT,\n    salary DECIMAL(10,2) CHECK (salary >= 0)\n);\n```',1,45,45,'text'),(2,'Identify appropriate primary key','Choose a unique column to identify each record.','# Identify Appropriate Primary Key\n\nThe primary key uniquely identifies each record in a table and is fundamental to relational database design.\n\n## Characteristics of Good Primary Keys:\n\n**Uniqueness**: Must uniquely identify each row\n**Non-null**: Cannot contain NULL values\n**Stability**: Should not change over time\n**Simplicity**: Preferably short and simple\n\n## Types of Primary Keys:\n\n**Natural Keys**: Based on existing business data (email, SSN)\n**Surrogate Keys**: Artificially created identifiers (auto-increment IDs)\n**Composite Keys**: Multiple columns combined for uniqueness\n\n## Selection Criteria:\n\n- Choose keys that are inherently unique\n- Prefer numeric over string keys for performance\n- Avoid using business data that might change\n- Consider foreign key relationships\n\n## Best Practices:\n\n- Use surrogate keys for most tables\n- Keep primary keys as small as possible\n- Use consistent naming conventions (id, _id)\n- Document the reasoning behind key choices\n\n## Performance Implications:\n\n- Primary keys are automatically indexed\n- Integer keys perform better than string keys\n- Composite keys can be less efficient\n- GUIDs/UUIDs can cause index fragmentation\n\n## Example Choices:\n```sql\n-- Natural key (if emails are guaranteed unique)\nCREATE TABLE users (\n    email VARCHAR(255) PRIMARY KEY,\n    -- other columns\n);\n\n-- Surrogate key (recommended)\nCREATE TABLE products (\n    product_id INT AUTO_INCREMENT PRIMARY KEY,\n    sku VARCHAR(20) UNIQUE NOT NULL,\n    -- other columns\n);\n\n-- Composite key (for junction tables)\nCREATE TABLE order_items (\n    order_id INT,\n    product_id INT,\n    quantity INT,\n    PRIMARY KEY (order_id, product_id)\n);\n```',1,30,30,'text'),(3,'Choose data types to meet requirements','Select the best data type for each column.','# Choose Data Types to Meet Requirements\n\nSelecting appropriate data types is crucial for data integrity, storage efficiency, and performance.\n\n## Common Data Type Categories:\n\n**Numeric Types**: INT, BIGINT, DECIMAL, FLOAT, DOUBLE\n**String Types**: CHAR, VARCHAR, TEXT, BLOB\n**Temporal Types**: DATE, TIME, DATETIME, TIMESTAMP\n**Specialized Types**: JSON, XML, Spatial, Boolean\n\n## Selection Guidelines:\n\n**Storage Considerations**:\n- Choose the smallest type that accommodates expected data\n- Use VARCHAR instead of CHAR for variable-length data\n- Prefer INT over BIGINT if values fit within range\n\n**Precision Requirements**:\n- Use DECIMAL for financial calculations\n- Choose appropriate precision for numeric types\n- Consider timezone requirements for temporal data\n\n**Performance Implications**:\n- Fixed-length types (CHAR) can be faster for some operations\n- Smaller data types reduce storage and improve cache efficiency\n- Indexed columns benefit from compact data types\n\n## Best Practices:\n\n1. **Be Specific**: Choose the most appropriate type\n2. **Plan for Growth**: Allow reasonable room for expansion\n3. **Consistency**: Use consistent types across related tables\n4. **Documentation**: Document unusual type choices\n\n## Common Pitfalls:\n\n- Using VARCHAR for all string data\n- Storing numbers as strings\n- Ignoring timezone requirements\n- Underestimating maximum value sizes\n\n## Example Selections:\n```sql\nCREATE TABLE financial_records (\n    record_id INT PRIMARY KEY,\n    -- Use DECIMAL for monetary values\n    amount DECIMAL(15, 2) NOT NULL,\n    -- VARCHAR for variable-length strings\n    description VARCHAR(255),\n    -- DATE for date-only values\n    transaction_date DATE NOT NULL,\n    -- TIMESTAMP for precise time recording\n    created_at TIMESTAMP DEFAULT CURRENT_TIMESTAMP,\n    -- BOOLEAN for true/false values\n    is_reconciled BOOLEAN DEFAULT FALSE\n);\n```',1,30,30,'text'),(4,'Design relationships between tables','Link tables logically with foreign keys.','# Design Relationships Between Tables\n\nTable relationships define how data in different tables connects and interacts, forming the core of relational databases.\n\n## Relationship Types:\n\n**One-to-One (1:1)**: Each record in Table A relates to one record in Table B\n**One-to-Many (1:M)**: Each record in Table A relates to many records in Table B\n**Many-to-Many (M:M)**: Records in Table A relate to many in Table B, and vice versa\n\n## Implementation:\n\n**Foreign Keys**: Columns that reference primary keys in other tables\n**Referential Integrity**: Ensures relationships remain valid\n**Cascade Operations**: Automatic updates/deletes across related tables\n\n## Design Considerations:\n\n**Cardinality**: Determine how many relationships exist\n**Optionality**: Identify whether relationships are mandatory or optional\n**Business Rules**: Ensure relationships reflect real-world constraints\n\n## Best Practices:\n\n- Use foreign key constraints to enforce relationships\n- Name foreign keys consistently (e.g., user_id, order_id)\n- Consider indexing foreign key columns\n- Document relationship purposes and rules\n\n## Performance Implications:\n\n- Join operations depend on relationship design\n- Proper indexing improves relationship query performance\n- Cascade operations can impact performance on large datasets\n\n## Example Relationships:\n```sql\n-- One-to-Many: One customer, many orders\nCREATE TABLE customers (\n    customer_id INT PRIMARY KEY,\n    name VARCHAR(100) NOT NULL\n);\n\nCREATE TABLE orders (\n    order_id INT PRIMARY KEY,\n    customer_id INT,\n    order_date DATE,\n    FOREIGN KEY (customer_id) REFERENCES customers(customer_id)\n);\n\n-- Many-to-Many: Students and Courses (using junction table)\nCREATE TABLE students (\n    student_id INT PRIMARY KEY,\n    name VARCHAR(100)\n);\n\nCREATE TABLE courses (\n    course_id INT PRIMARY KEY,\n    title VARCHAR(100)\n);\n\nCREATE TABLE student_courses (\n    student_id INT,\n    course_id INT,\n    enrollment_date DATE,\n    PRIMARY KEY (student_id, course_id),\n    FOREIGN KEY (student_id) REFERENCES students(student_id),\n    FOREIGN KEY (course_id) REFERENCES courses(course_id)\n);\n```',1,60,60,'text'),(5,'Normalize database','Organize data to reduce redundancy and improve integrity.','# Normalize Database\n\nNormalization is the process of organizing data to reduce redundancy and improve data integrity through a series of normal forms.\n\n## Normal Forms:\n\n**First Normal Form (1NF)**:\n- Eliminate repeating groups\n- Ensure atomic values\n- Identify primary key\n\n**Second Normal Form (2NF)**:\n- Meet 1NF requirements\n- Remove partial dependencies (all non-key attributes depend on entire primary key)\n\n**Third Normal Form (3NF)**:\n- Meet 2NF requirements\n- Remove transitive dependencies (non-key attributes don\'t depend on other non-key attributes)\n\n**Boyce-Codd Normal Form (BCNF)**:\n- Stricter version of 3NF\n- Every determinant must be a candidate key\n\n## Normalization Process:\n\n1. **Identify Functional Dependencies**: Determine how attributes relate\n2. **Eliminate Repeating Groups**: Create separate tables\n3. **Remove Partial Dependencies**: Ensure full functional dependency on primary key\n4. **Eliminate Transitive Dependencies**: Non-key attributes should depend only on the key\n\n## Benefits:\n\n- Reduced data redundancy\n- Improved data integrity\n- Easier maintenance\n- More flexible design\n\n## When to Denormalize:\n\n- Performance-critical applications\n- Read-heavy reporting systems\n- Data warehouse environments\n- Simple lookup scenarios\n\n## Example Normalization:\n```sql\n-- Unnormalized (all in one table)\nCREATE TABLE orders_unnormalized (\n    order_id INT,\n    customer_name VARCHAR(100),\n    customer_address VARCHAR(255),\n    product1_name VARCHAR(100),\n    product1_price DECIMAL(10,2),\n    product2_name VARCHAR(100),\n    product2_price DECIMAL(10,2)\n);\n\n-- Normalized (3NF)\nCREATE TABLE customers (\n    customer_id INT PRIMARY KEY,\n    name VARCHAR(100),\n    address VARCHAR(255)\n);\n\nCREATE TABLE products (\n    product_id INT PRIMARY KEY,\n    name VARCHAR(100),\n    price DECIMAL(10,2)\n);\n\nCREATE TABLE orders (\n    order_id INT PRIMARY KEY,\n    customer_id INT,\n    order_date DATE,\n    FOREIGN KEY (customer_id) REFERENCES customers(customer_id)\n);\n\nCREATE TABLE order_items (\n    order_id INT,\n    product_id INT,\n    quantity INT,\n    PRIMARY KEY (order_id, product_id),\n    FOREIGN KEY (order_id) REFERENCES orders(order_id),\n    FOREIGN KEY (product_id) REFERENCES products(product_id)\n);\n```',1,90,90,'text'),(6,'Data protection measures','Apply security and backup strategies to safeguard data.','# Data Protection Measures\n\nData protection encompasses strategies and techniques to safeguard database information from loss, corruption, or unauthorized access.\n\n## Protection Strategies:\n\n**Backup and Recovery**:\n- Regular full, differential, and transaction log backups\n- Tested recovery procedures\n- Off-site storage for disaster recovery\n\n**Access Control**:\n- Role-based permissions\n- Principle of least privilege\n- Regular access reviews\n\n**Encryption**:\n- Data-at-rest encryption\n- Data-in-transit encryption (SSL/TLS)\n- Column-level encryption for sensitive data\n\n## Security Measures:\n\n**Authentication**: Verify user identities\n**Authorization**: Control access to resources\n**Auditing**: Track database activities\n**Network Security**: Firewalls, VPNs, and secure connections\n\n## Best Practices:\n\n1. **Regular Backups**: Implement automated backup schedules\n2. **Access Management**: Grant minimum necessary permissions\n3. **Encryption**: Protect sensitive data at all stages\n4. **Monitoring**: Implement security monitoring and alerts\n5. **Patching**: Keep database software updated\n\n## Implementation Examples:\n```sql\n-- Role-based access control\nCREATE ROLE data_reader;\nGRANT SELECT ON ALL TABLES TO data_reader;\n\nCREATE ROLE data_writer;\nGRANT INSERT, UPDATE, DELETE ON ALL TABLES TO data_writer;\n\n-- Column-level encryption (SQL Server example)\nCREATE MASTER KEY ENCRYPTION BY PASSWORD = \'StrongPassword123!\';\nCREATE CERTIFICATE MyCertificate WITH SUBJECT = \'Protect Sensitive Data\';\nCREATE SYMMETRIC KEY MySymmetricKey \n    WITH ALGORITHM = AES_256 \n    ENCRYPTION BY CERTIFICATE MyCertificate;\n\n-- Backup strategies\n-- Full backup weekly\nBACKUP DATABASE MyDatabase TO DISK = \'C:BackupsMyDatabase_Full.bak\';\n\n-- Differential backup daily\nBACKUP DATABASE MyDatabase TO DISK = \'C:BackupsMyDatabase_Diff.bak\' \n    WITH DIFFERENTIAL;\n\n-- Transaction log backup hourly\nBACKUP LOG MyDatabase TO DISK = \'C:BackupsMyDatabase_Log.trn\';\n```',1,60,60,'text'),(7,'Create, alter, and drop tables','Manage the structure of database tables.','# Create, Alter, and Drop Tables\n\nDDL (Data Definition Language) commands manage table structures, allowing creation, modification, and removal of database tables.\n\n## CREATE TABLE Syntax:\n```sql\nCREATE TABLE table_name (\n    column1 datatype constraints,\n    column2 datatype constraints,\n    ...\n    table_constraints\n);\nCommon Column Constraints:\nPRIMARY KEY: Uniquely identifies each row\n\nFOREIGN KEY: Links to primary key in another table\n\nNOT NULL: Ensures column cannot contain NULL values\n\nUNIQUE: Ensures all values in column are different\n\nCHECK: Ensures values meet specific conditions\n\nDEFAULT: Sets default value for column\n\nALTER TABLE Operations:\nAdd, modify, or drop columns\n\nAdd or drop constraints\n\nChange data types or column properties\n\nRename tables or columns\n\nDROP TABLE Considerations:\nPermanently removes table and all data\n\nRequires appropriate permissions\n\nMay fail if foreign key constraints exist\n\nBest Practices:\nPlanning: Design tables carefully before creation\n\nTesting: Test alterations in development environment first\n\nBackup: Backup data before major structural changes\n\nDocumentation: Document schema changes and reasons\n\nVersion Control: Use migration scripts for changes\n\nExample Operations:\nsql\n-- Create table with constraints\nCREATE TABLE employees (\n    employee_id INT PRIMARY KEY,\n    first_name VARCHAR(50) NOT NULL,\n    last_name VARCHAR(50) NOT NULL,\n    email VARCHAR(100) UNIQUE,\n    hire_date DATE DEFAULT CURRENT_DATE,\n    salary DECIMAL(10,2) CHECK (salary >= 0),\n    department_id INT,\n    FOREIGN KEY (department_id) REFERENCES departments(department_id)\n);\n\n-- Alter table to add new column\nALTER TABLE employees ADD COLUMN phone_number VARCHAR(15);\n\n-- Alter table to modify column\nALTER TABLE employees ALTER COLUMN phone_number SET DATA TYPE VARCHAR(20);\n\n-- Alter table to add constraint\nALTER TABLE employees ADD CONSTRAINT chk_salary_range \n    CHECK (salary BETWEEN 30000 AND 200000);\n\n-- Drop table (with caution!)\nDROP TABLE employees CASCADE;\n```',2,60,60,'text'),(8,'Create, alter, and drop views','Build and modify virtual tables for queries.','# Create, Alter, and Drop Views\n\nViews are virtual tables that provide customized perspectives of data without storing the data themselves.\n\n## View Types:\n\n**Simple Views**: Based on a single table with no functions\n**Complex Views**: Incorporate multiple tables, functions, or grouping\n**Materialized Views**: Physically store result sets (varies by RDBMS)\n**Indexed Views**: Materialized views with indexes (SQL Server)\n\n## CREATE VIEW Syntax:\n```sql\nCREATE VIEW view_name AS\nSELECT column1, column2, ...\nFROM table_name\nWHERE condition;\nBenefits of Views:\nSecurity: Restrict access to specific columns or rows\nSimplification: Hide complex queries from users\nConsistency: Provide standardized data access\nAbstraction: Shield applications from schema changes\n\nALTER VIEW Operations:\nModify the underlying SELECT statement\n\nChange view properties or metadata\n\nAdd or remove columns from view definition\n\nDROP VIEW Considerations:\nRemoves view definition but not underlying data\n\nDependent objects may be affected\n\nRequires appropriate permissions\n\nBest Practices:\nNaming: Use clear, descriptive names for views\n\nDocumentation: Document view purposes and usage\n\nPerformance: Be mindful of view performance implications\n\nSecurity: Use views for row-level and column-level security\n\nTesting: Test views with various data scenarios\n\nExample View Operations:\nsql\n-- Create a simple view\nCREATE VIEW active_customers AS\nSELECT customer_id, first_name, last_name, email\nFROM customers\nWHERE status = \'active\';\n\n-- Create a complex view with joins\nCREATE VIEW order_summary AS\nSELECT \n    o.order_id,\n    o.order_date,\n    c.first_name || \' \' || c.last_name AS customer_name,\n    COUNT(oi.product_id) AS item_count,\n    SUM(oi.quantity * oi.unit_price) AS total_amount\nFROM orders o\nJOIN customers c ON o.customer_id = c.customer_id\nJOIN order_items oi ON o.order_id = oi.order_id\nGROUP BY o.order_id, o.order_date, c.first_name, c.last_name;\n\n-- Alter a view (redefine it)\nCREATE OR REPLACE VIEW active_customers AS\nSELECT customer_id, first_name, last_name, email, phone\nFROM customers\nWHERE status = \'active\' AND last_login_date > CURRENT_DATE - 30;\n\n-- Drop a view\nDROP VIEW order_summary;\n```',2,45,45,'text'),(9,'Stored procedures and functions','Automate tasks with reusable SQL routines.','# Stored Procedures and Functions\n\nStored procedures and functions are essential database objects that encapsulate SQL code for reuse, security, and performance.\n\n## Stored Procedures:\n**Characteristics**:\n- Can contain multiple SQL statements\n- Support input and output parameters\n- Can return multiple result sets\n- Allow transaction control\n- Support error handling\n\n**Benefits**:\n- Code reusability and maintenance\n- Enhanced security (grant execute without direct table access)\n- Reduced network traffic\n- Performance improvement (compiled and cached)\n\n**Creation Syntax**:\n```sql\nCREATE PROCEDURE procedure_name (@param1 DATATYPE, @param2 DATATYPE OUTPUT)\nAS\nBEGIN\n    -- SQL statements\n    -- Business logic\nEND\n```\n\n## Functions:\n**Characteristics**:\n- Must return a single value (scalar) or table\n- Can have input parameters\n- Cannot modify database state (with exceptions)\n- Deterministic or non-deterministic\n\n**Types**:\n- Scalar functions (return single value)\n- Table-valued functions (return table)\n- System functions (built-in)\n\n**Creation Syntax**:\n```sql\nCREATE FUNCTION function_name (@param DATATYPE)\nRETURNS RETURN_DATATYPE\nAS\nBEGIN\n    RETURN (SELECT value FROM table)\nEND\n```\n\n## Best Practices:\n- Use meaningful names\n- Include error handling\n- Avoid unnecessary complexity\n- Document parameters and purpose\n- Consider performance implications\n\n## Example Usage:\n```sql\n-- Stored procedure example\nCREATE PROCEDURE GetCustomerOrders @CustomerID INT\nAS\nBEGIN\n    SELECT * FROM Orders WHERE CustomerID = @CustomerID\nEND\n\n-- Function example\nCREATE FUNCTION CalculateDiscount (@Amount DECIMAL(10,2))\nRETURNS DECIMAL(10,2)\nAS\nBEGIN\n    RETURN CASE \n        WHEN @Amount > 1000 THEN @Amount * 0.1\n        ELSE 0\n    END\nEND\n```',2,90,90,'text'),(10,'Clustered vs. non-clustered indexes','Improve query performance with indexing strategies.','# Clustered vs. Non-Clustered Indexes\n\nIndexes are critical for database performance, and understanding the difference between clustered and non-clustered indexes is essential.\n\n## Clustered Index:\n**Characteristics**:\n- Determines physical order of data in table\n- Only one per table (the table itself is sorted)\n- Automatically created for primary key (usually)\n- Faster for range queries\n\n**Advantages**:\n- Excellent for range searches\n- No extra storage needed for data itself\n- Always covers queries for all columns\n\n**Disadvantages**:\n- Slower for insert/update/delete operations\n- Only one allowed per table\n\n## Non-Clustered Index:\n**Characteristics**:\n- Separate structure from data storage\n- Multiple allowed per table (up to 999 in SQL Server)\n- Contains pointer to actual data\n- Can include additional columns\n\n**Advantages**:\n- Faster for point queries\n- Multiple indexes for different query patterns\n- Less impact on write operations\n\n**Disadvantages**:\n- Extra storage required\n- May require bookmark lookups\n\n## Choosing Between Them:\n**Use Clustered Index For**:\n- Columns frequently used in range queries\n- Columns with sequential values\n- Primary key columns\n\n**Use Non-Clustered Index For**:\n- Columns frequently used in WHERE clauses\n- Columns used in JOIN conditions\n- Columns used in ORDER BY clauses\n\n## Example Implementation:\n```sql\n-- Clustered index (usually on primary key)\nCREATE CLUSTERED INDEX IX_Employees_EmployeeID \nON Employees (EmployeeID);\n\n-- Non-clustered index\nCREATE NONCLUSTERED INDEX IX_Employees_LastName \nON Employees (LastName);\n\n-- Non-clustered index with included columns\nCREATE NONCLUSTERED INDEX IX_Orders_CustomerID \nON Orders (CustomerID) \nINCLUDE (OrderDate, TotalAmount);\n```',2,60,60,'text'),(11,'JOINs (INNER, LEFT, RIGHT, CROSS, FULL, self joins)','Combine data across multiple tables.','# JOIN Operations\n\nJOIN operations combine rows from two or more tables based on related columns, enabling complex data retrieval across multiple tables.\n\n## JOIN Types:\n\n**INNER JOIN**:\n- Returns only matching rows from both tables\n- Most common JOIN type\n- Excludes non-matching rows\n\n**LEFT JOIN (LEFT OUTER JOIN)**:\n- Returns all rows from left table\n- Returns matching rows from right table\n- NULL values for non-matching right table rows\n\n**RIGHT JOIN (RIGHT OUTER JOIN)**:\n- Returns all rows from right table\n- Returns matching rows from left table\n- NULL values for non-matching left table rows\n\n**FULL JOIN (FULL OUTER JOIN)**:\n- Returns all rows when there\'s a match in either table\n- NULL values for non-matching rows on either side\n\n**CROSS JOIN**:\n- Returns Cartesian product of both tables\n- Each row from first table combined with each row from second table\n- Can generate large result sets\n\n**SELF JOIN**:\n- Regular join but table is joined with itself\n- Useful for hierarchical data or comparing rows within same table\n- Requires table aliases\n\n## Syntax Examples:\n```sql\n-- INNER JOIN\nSELECT orders.order_id, customers.customer_name\nFROM orders\nINNER JOIN customers ON orders.customer_id = customers.customer_id;\n\n-- LEFT JOIN\nSELECT employees.name, departments.department_name\nFROM employees\nLEFT JOIN departments ON employees.department_id = departments.department_id;\n\n-- RIGHT JOIN\nSELECT employees.name, departments.department_name\nFROM employees\nRIGHT JOIN departments ON employees.department_id = departments.department_id;\n\n-- FULL JOIN\nSELECT employees.name, departments.department_name\nFROM employees\nFULL JOIN departments ON employees.department_id = departments.department_id;\n\n-- CROSS JOIN\nSELECT products.product_name, suppliers.supplier_name\nFROM products\nCROSS JOIN suppliers;\n\n-- SELF JOIN\nSELECT e1.name AS employee_name, e2.name AS manager_name\nFROM employees e1\nLEFT JOIN employees e2 ON e1.manager_id = e2.employee_id;\n```\n\n## Performance Considerations:\n- Index foreign key columns used in JOIN conditions\n- Be mindful of JOIN order in complex queries\n- Use appropriate JOIN types to avoid unnecessary data retrieval\n- Consider query execution plans for optimization\n\n## Best Practices:\n- Use explicit JOIN syntax rather than implicit (comma-separated)\n- Always specify JOIN conditions\n- Use table aliases for readability\n- Test JOIN queries with different data volumes\n- Consider using EXISTS instead of JOIN for existence checks',3,120,120,'text'),(12,'UNION and INTERSECT','Merge results from multiple queries.','# UNION and INTERSECT Operations\n\nUNION and INTERSECT are set operations that combine results from multiple SELECT statements.\n\n## UNION:\n**Purpose**:\n- Combines result sets of two or more SELECT statements\n- Eliminates duplicate rows (use UNION ALL to keep duplicates)\n- Requires same number of columns in all SELECT statements\n- Requires compatible data types for corresponding columns\n\n**Syntax**:\n```sql\nSELECT column1, column2 FROM table1\nUNION\nSELECT column1, column2 FROM table2;\n```\n\n**UNION ALL**:\n- Faster than UNION (no duplicate removal)\n- Keeps all rows including duplicates\n- Use when duplicate rows are acceptable or desired\n\n## INTERSECT:\n**Purpose**:\n- Returns only rows that exist in both result sets\n- Similar to INNER JOIN but works on complete rows\n- Eliminates duplicate rows\n\n**Syntax**:\n```sql\nSELECT column1, column2 FROM table1\nINTERSECT\nSELECT column1, column2 FROM table2;\n```\n\n## EXCEPT (or MINUS in some databases):\n**Purpose**:\n- Returns rows from first query that aren\'t in second query\n- Useful for finding differences between result sets\n\n**Syntax**:\n```sql\nSELECT column1, column2 FROM table1\nEXCEPT\nSELECT column1, column2 FROM table2;\n```\n\n## Practical Examples:\n```sql\n-- Combine customers from two regions\nSELECT customer_name, city FROM customers_north\nUNION\nSELECT customer_name, city FROM customers_south;\n\n-- Find products available in both stores\nSELECT product_id FROM store1_inventory\nINTERSECT\nSELECT product_id FROM store2_inventory;\n\n-- Find customers who haven\'t placed orders\nSELECT customer_id FROM customers\nEXCEPT\nSELECT customer_id FROM orders;\n\n-- Combine with UNION ALL (keeping duplicates)\nSELECT product_name FROM current_products\nUNION ALL\nSELECT product_name FROM discontinued_products;\n```\n\n## Performance Considerations:\n- UNION/INTERSECT operations can be resource-intensive\n- Ensure columns in all SELECT statements have compatible data types\n- Use WHERE clauses to filter data before combining\n- Consider temporary tables for complex set operations\n\n## Best Practices:\n- Use meaningful column aliases in the first SELECT statement\n- Order the final result set with ORDER BY at the end\n- Test with small data sets before applying to large tables\n- Consider alternative approaches (JOINS, EXISTS) for better performance',3,60,60,'text'),(13,'DISTINCT, aliases, computed columns','Refine and customize result sets.','# DISTINCT, Aliases, and Computed Columns\n\nThese features enhance query readability and functionality by eliminating duplicates, providing meaningful names, and creating derived values.\n\n## DISTINCT Clause:\n**Purpose**:\n- Eliminates duplicate rows from result set\n- Can be applied to one or multiple columns\n- Returns only unique combinations of values\n\n**Syntax**:\n```sql\nSELECT DISTINCT column1, column2 FROM table_name;\n```\n\n**Considerations**:\n- DISTINCT operates on all selected columns\n- Can impact performance on large datasets\n- Use judiciously as it requires sorting\n\n## Column Aliases:\n**Purpose**:\n- Provide temporary names for columns or expressions\n- Improve readability of result sets\n- Essential when using computed columns\n\n**Syntax**:\n```sql\nSELECT column_name AS alias_name FROM table_name;\nSELECT column_name alias_name FROM table_name; -- AS is optional\n```\n\n**Best Practices**:\n- Use meaningful, descriptive aliases\n- Enclose aliases in quotes if they contain spaces or special characters\n- Maintain consistency in alias naming\n\n## Table Aliases:\n**Purpose**:\n- Provide temporary names for tables\n- Essential for self-joins and queries with multiple tables\n- Improve query readability and reduce typing\n\n**Syntax**:\n```sql\nSELECT a.column1, b.column2 \nFROM table1 a, table2 b \nWHERE a.id = b.foreign_id;\n```\n\n## Computed Columns:\n**Purpose**:\n- Create new values derived from existing columns\n- Perform calculations, concatenations, or transformations\n- Can use mathematical operators, functions, and constants\n\n**Syntax**:\n```sql\nSELECT column1, column2, (column1 * column2) AS calculated_value FROM table_name;\n```\n\n**Common Uses**:\n- Mathematical calculations (price * quantity)\n- String concatenation (first_name || \' \' || last_name)\n- Date calculations (CURRENT_DATE - birth_date)\n- Conditional logic with CASE statements\n\n## Practical Examples:\n```sql\n-- DISTINCT examples\nSELECT DISTINCT department FROM employees;\nSELECT DISTINCT city, state FROM customers;\n\n-- Alias examples\nSELECT first_name AS \"First Name\", last_name AS \"Last Name\" FROM employees;\nSELECT e.first_name, d.department_name \nFROM employees e \nJOIN departments d ON e.department_id = d.department_id;\n\n-- Computed column examples\nSELECT product_name, unit_price, quantity, (unit_price * quantity) AS total_value FROM order_details;\nSELECT first_name, last_name, (first_name || \' \' || last_name) AS full_name FROM customers;\nSELECT order_date, order_date + INTERVAL \'30 days\' AS due_date FROM orders;\nSELECT salary, \n       CASE \n           WHEN salary > 100000 THEN \'High\'\n           WHEN salary > 50000 THEN \'Medium\'\n           ELSE \'Low\'\n       END AS salary_level \nFROM employees;\n```\n\n## Performance Considerations:\n- Computed columns in SELECT don\'t affect storage\n- Consider persisted computed columns for frequently used calculations\n- DISTINCT can be expensive on large result sets\n- Proper indexing can improve DISTINCT performance',3,45,45,'text'),(14,'ORDER BY, WHERE, LIKE, BETWEEN, AND, OR, NOT, TOP/LIMIT, IN, ANY, ALL, NULL checks','Filter and sort query results effectively.','# Filtering and Sorting Data\n\nSQL provides powerful clauses and operators to filter and sort data, enabling precise control over query results.\n\n## WHERE Clause:\n**Purpose**:\n- Filters rows based on specified conditions\n- Applied before grouping and aggregation\n\n**Syntax**:\n```sql\nSELECT column1, column2 \nFROM table_name \nWHERE condition;\n```\n\n## Comparison Operators:\n- = Equal to\n- <> or != Not equal to\n- > Greater than\n- < Less than\n- >= Greater than or equal to\n- <= Less than or equal to\n\n## Logical Operators:\n**AND**:\n- Returns true if all conditions are true\n- Used to combine multiple conditions\n\n**OR**:\n- Returns true if any condition is true\n- Used for alternative conditions\n\n**NOT**:\n- Negates a condition\n- Returns true if condition is false\n\n## Special Operators:\n**LIKE**:\n- Pattern matching with wildcards\n- % matches any sequence of characters\n- _ matches any single character\n\n**BETWEEN**:\n- Range checking (inclusive)\n- Works with numbers, dates, and text\n\n**IN**:\n- Checks if value exists in a list\n- Alternative to multiple OR conditions\n\n**IS NULL / IS NOT NULL**:\n- Checks for NULL values\n- = NULL doesn\'t work for NULL comparisons\n\n**ANY/ALL**:\n- ANY: Returns true if any subquery values meet the condition\n- ALL: Returns true if all subquery values meet the condition\n\n## ORDER BY Clause:\n**Purpose**:\n- Sorts result set by specified columns\n- ASC for ascending (default), DESC for descending\n- Can sort by multiple columns\n\n## LIMIT/TOP Clause:\n**Purpose**:\n- Limits number of rows returned\n- TOP (SQL Server), LIMIT (MySQL, PostgreSQL), ROWNUM (Oracle)\n\n## Practical Examples:\n```sql\n-- Basic WHERE examples\nSELECT * FROM employees WHERE salary > 50000;\nSELECT * FROM products WHERE category = \'Electronics\';\n\n-- AND/OR examples\nSELECT * FROM customers WHERE city = \'New York\' AND age > 30;\nSELECT * FROM products WHERE category = \'Books\' OR category = \'Movies\';\n\n-- LIKE examples\nSELECT * FROM customers WHERE name LIKE \'J%\'; -- Names starting with J\nSELECT * FROM products WHERE description LIKE \'%wireless%\'; -- Contains wireless\n\n-- BETWEEN examples\nSELECT * FROM orders WHERE order_date BETWEEN \'2023-01-01\' AND \'2023-01-31\';\nSELECT * FROM products WHERE price BETWEEN 10 AND 50;\n\n-- IN examples\nSELECT * FROM customers WHERE city IN (\'New York\', \'London\', \'Tokyo\');\nSELECT * FROM orders WHERE status IN (\'Shipped\', \'Delivered\');\n\n-- NULL examples\nSELECT * FROM employees WHERE manager_id IS NULL;\nSELECT * FROM customers WHERE email IS NOT NULL;\n\n-- ORDER BY examples\nSELECT * FROM products ORDER BY price DESC;\nSELECT * FROM employees ORDER BY last_name ASC, first_name ASC;\n\n-- LIMIT/TOP examples\nSELECT TOP 10 * FROM products ORDER BY sales_count DESC; -- SQL Server\nSELECT * FROM customers LIMIT 5; -- MySQL, PostgreSQL\nSELECT * FROM orders WHERE ROWNUM <= 10; -- Oracle\n\n-- ANY/ALL examples\nSELECT * FROM products \nWHERE price > ANY (SELECT price FROM products WHERE category = \'Electronics\');\n\nSELECT * FROM employees \nWHERE salary > ALL (SELECT salary FROM employees WHERE department = \'Sales\');\n```\n\n## Performance Considerations:\n- Use indexes on columns frequently used in WHERE clauses\n- Avoid functions on indexed columns in WHERE clauses\n- Be cautious with LIKE patterns starting with wildcards (%)\n- Use EXPLAIN or similar tools to analyze query performance\n\n## Best Practices:\n- Use parentheses to clarify complex logical conditions\n- Consider using EXISTS instead of IN for subqueries\n- Use meaningful comparison values (avoid magic numbers)\n- Test queries with different data volumes',3,90,90,'text'),(15,'GROUP BY, HAVING, MIN, MAX, COUNT, AVG, SUM','Perform aggregation and summarize data.','# Aggregation and Grouping\n\nAggregate functions perform calculations on sets of values, returning a single value. GROUP BY and HAVING clauses organize and filter aggregated data.\n\n## Aggregate Functions:\n\n**COUNT()**:\n- Returns number of rows\n- COUNT(*) counts all rows\n- COUNT(column) counts non-NULL values in column\n\n**SUM()**:\n- Returns sum of values in numeric column\n- Ignores NULL values\n\n**AVG()**:\n- Returns average of values in numeric column\n- Ignores NULL values\n\n**MIN()**:\n- Returns minimum value in column\n- Works with numeric, date, and string columns\n\n**MAX()**:\n- Returns maximum value in column\n- Works with numeric, date, and string columns\n\n## GROUP BY Clause:\n**Purpose**:\n- Groups rows that have same values in specified columns\n- Enables aggregation per group rather than entire table\n- Often used with aggregate functions\n\n**Syntax**:\n```sql\nSELECT column1, aggregate_function(column2)\nFROM table_name\nGROUP BY column1;\n```\n\n## HAVING Clause:\n**Purpose**:\n- Filters groups based on aggregate conditions\n- Similar to WHERE but for groups rather than rows\n- Applied after GROUP BY\n\n**Syntax**:\n```sql\nSELECT column1, aggregate_function(column2)\nFROM table_name\nGROUP BY column1\nHAVING condition;\n```\n\n## Practical Examples:\n```sql\n-- Basic aggregate examples\nSELECT COUNT(*) AS total_employees FROM employees;\nSELECT AVG(salary) AS average_salary FROM employees;\nSELECT MAX(price) AS highest_price FROM products;\nSELECT MIN(stock_quantity) AS lowest_stock FROM inventory;\n\n-- GROUP BY examples\nSELECT department, COUNT(*) AS employee_count \nFROM employees \nGROUP BY department;\n\nSELECT category, AVG(price) AS average_price \nFROM products \nGROUP BY category;\n\nSELECT YEAR(order_date) AS order_year, SUM(total_amount) AS yearly_sales\nFROM orders \nGROUP BY YEAR(order_date);\n\n-- HAVING examples\nSELECT department, COUNT(*) AS employee_count \nFROM employees \nGROUP BY department \nHAVING COUNT(*) > 10;\n\nSELECT category, AVG(price) AS average_price \nFROM products \nGROUP BY category \nHAVING AVG(price) > 100;\n\nSELECT customer_id, COUNT(*) AS order_count \nFROM orders \nGROUP BY customer_id \nHAVING COUNT(*) >= 5;\n\n-- Multiple aggregates\nSELECT \n    department,\n    COUNT(*) AS employee_count,\n    AVG(salary) AS average_salary,\n    MIN(salary) AS min_salary,\n    MAX(salary) AS max_salary\nFROM employees \nGROUP BY department;\n\n-- GROUP BY multiple columns\nSELECT department, job_title, COUNT(*) AS employee_count\nFROM employees\nGROUP BY department, job_title;\n\n-- Using WHERE with GROUP BY\nSELECT department, AVG(salary) AS average_salary\nFROM employees\nWHERE hire_date > \'2020-01-01\'\nGROUP BY department;\n```\n\n## Performance Considerations:\n- Index columns used in GROUP BY clauses\n- Be mindful of grouping on columns with high cardinality\n- Consider filtering with WHERE before grouping to reduce data volume\n- Use EXPLAIN to analyze grouping performance\n\n## Common Pitfalls:\n- Including non-aggregated columns not in GROUP BY clause\n- Confusing WHERE (row filter) with HAVING (group filter)\n- Forgetting that COUNT(column) ignores NULL values\n- Overlooking the impact of NULL values in grouping columns\n\n## Best Practices:\n- Use meaningful aliases for aggregate columns\n- Consider the order of operations: WHERE → GROUP BY → HAVING → ORDER BY\n- Test queries with different data volumes\n- Document complex aggregation logic',3,90,90,'text'),(16,'INSERT INTO SELECT / VALUES','Add new rows of data.','# Inserting Data\n\nThe INSERT statement adds new rows to a table, using either explicit values or data from another table.\n\n## INSERT with VALUES:\n**Purpose**:\n- Adds one or more rows with specified values\n- Useful for adding static data\n\n**Syntax**:\n```sql\nINSERT INTO table_name (column1, column2, column3, ...)\nVALUES (value1, value2, value3, ...);\n\n-- Multiple rows\nINSERT INTO table_name (column1, column2, column3, ...)\nVALUES \n    (value1, value2, value3, ...),\n    (value4, value5, value6, ...),\n    ...;\n```\n\n## INSERT with SELECT:\n**Purpose**:\n- Adds rows based on result of SELECT statement\n- Useful for copying data between tables\n- Can transform data during insertion\n\n**Syntax**:\n```sql\nINSERT INTO table_name (column1, column2, column3, ...)\nSELECT column1, column2, column3, ...\nFROM source_table\nWHERE condition;\n```\n\n## Practical Examples:\n```sql\n-- Insert single row with VALUES\nINSERT INTO customers (first_name, last_name, email, phone)\nVALUES (\'John\', \'Doe\', \'john.doe@example.com\', \'555-1234\');\n\n-- Insert multiple rows with VALUES\nINSERT INTO products (product_name, category, price)\nVALUES \n    (\'Laptop\', \'Electronics\', 999.99),\n    (\'Desk Chair\', \'Furniture\', 149.99),\n    (\'Coffee Mug\', \'Kitchen\', 9.99);\n\n-- Insert with SELECT (copy data)\nINSERT INTO archived_orders (order_id, customer_id, order_date, total_amount)\nSELECT order_id, customer_id, order_date, total_amount\nFROM orders\nWHERE order_date < \'2022-01-01\';\n\n-- Insert with SELECT (transform data)\nINSERT INTO customer_summary (customer_id, total_orders, total_spent)\nSELECT \n    customer_id,\n    COUNT(*) AS total_orders,\n    SUM(total_amount) AS total_spent\nFROM orders\nGROUP BY customer_id;\n\n-- Insert with default values\nINSERT INTO settings (setting_name, setting_value)\nVALUES (\'theme\', DEFAULT);\n\n-- Insert with expressions\nINSERT INTO price_log (product_id, old_price, new_price, change_date)\nSELECT product_id, price, price * 1.1, CURRENT_DATE\nFROM products\nWHERE category = \'Electronics\';\n```\n\n## Special Considerations:\n\n**Identity/Auto-increment Columns**:\n- Typically don\'t need to be specified in INSERT\n- Database automatically generates values\n\n**Default Values**:\n- Use DEFAULT keyword to use column\'s default value\n- Omit column from column list to use default\n\n**NULL Values**:\n- Use NULL keyword to explicitly insert NULL\n- Omit column from column list to potentially get NULL\n\n**Constraints**:\n- INSERT must satisfy all constraints (NOT NULL, UNIQUE, FOREIGN KEY, etc.)\n- Violations will cause statement to fail\n\n## Performance Considerations:\n- Batch inserts (multiple VALUES) are faster than individual INSERT statements\n- For large data imports, consider bulk insert tools or temporary disabling indexes\n- Use transactions for multiple related INSERT statements\n\n## Error Handling:\n- Use try-catch blocks in applications\n- Check for constraint violations\n- Consider using INSERT IGNORE (MySQL) or ON CONFLICT (PostgreSQL) for handling duplicates\n\n## Best Practices:\n- Always specify column names for clarity and maintainability\n- Validate data before insertion\n- Use parameterized queries to prevent SQL injection\n- Consider using stored procedures for complex insertion logic\n- Test with representative data volumes',4,60,60,'text'),(17,'Update data in a single table','Modify existing records.','# Updating Data\n\nThe UPDATE statement modifies existing data in a table, allowing you to change values in one or more columns based on specified conditions.\n\n## Basic Syntax:\n```sql\nUPDATE table_name\nSET column1 = value1, column2 = value2, ...\nWHERE condition;\n```\n\n## Key Components:\n\n**SET Clause**:\n- Specifies columns to update and their new values\n- Can update multiple columns in single statement\n- Can use expressions, functions, and subqueries\n\n**WHERE Clause**:\n- Filters which rows to update\n- If omitted, all rows in table are updated\n- Use cautiously to avoid unintended updates\n\n## Practical Examples:\n```sql\n-- Update single column with literal value\nUPDATE employees \nSET salary = 60000 \nWHERE employee_id = 101;\n\n-- Update multiple columns\nUPDATE products \nSET price = 29.99, discount = 0.1 \nWHERE product_id = 205;\n\n-- Update with expression\nUPDATE orders \nSET total_amount = quantity * unit_price \nWHERE order_id = 1001;\n\n-- Update with current date/time\nUPDATE users \nSET last_login = CURRENT_TIMESTAMP \nWHERE username = \'johndoe\';\n\n-- Update with subquery\nUPDATE employees \nSET department_id = (\n    SELECT department_id \n    FROM departments \n    WHERE department_name = \'Sales\'\n)\nWHERE employee_id = 102;\n\n-- Update based on another table\nUPDATE inventory i\nSET i.stock_quantity = i.stock_quantity - o.quantity\nFROM orders o\nWHERE i.product_id = o.product_id\nAND o.order_id = 1001;\n\n-- Update with CASE statement\nUPDATE products \nSET price = \n    CASE \n        WHEN category = \'Electronics\' THEN price * 1.1\n        WHEN category = \'Books\' THEN price * 0.9\n        ELSE price\n    END;\n\n-- Incrementing values\nUPDATE counters \nSET value = value + 1 \nWHERE counter_name = \'page_views\';\n\n-- Update with JOIN (variation by database)\nUPDATE employees e\nJOIN departments d ON e.department_id = d.department_id\nSET e.salary = e.salary * 1.05\nWHERE d.location = \'New York\';\n```\n\n## Special Considerations:\n\n**Constraints**:\n- UPDATE must satisfy all constraints\n- Foreign key constraints may restrict or cascade updates\n\n**Triggers**:\n- UPDATE operations may fire triggers\n- Be aware of trigger behavior\n\n**Transaction Control**:\n- Use transactions for multiple related updates\n- COMMIT to save changes, ROLLBACK to undo\n\n## Performance Considerations:\n- Index columns used in WHERE clause for better performance\n- Test updates on a small subset before applying to entire table\n- For large updates, consider batching or off-peak execution\n- Monitor transaction log growth during large updates\n\n## Safety Measures:\n\n**Backup First**:\n- Backup table or database before major updates\n- Consider using temporary tables for testing\n\n**Test with SELECT**:\n- Test WHERE clause with SELECT first to see affected rows\n```sql\nSELECT * FROM employees WHERE department_id = 5; -- Test first\nUPDATE employees SET salary = salary * 1.1 WHERE department_id = 5;\n```\n\n**Use Transactions**:\n```sql\nBEGIN TRANSACTION;\nUPDATE accounts SET balance = balance - 100 WHERE account_id = 101;\nUPDATE accounts SET balance = balance + 100 WHERE account_id = 202;\nCOMMIT; -- Or ROLLBACK if needed\n```\n\n**Limit Clause**:\n- Some databases support LIMIT with UPDATE\n- Useful for updating in batches\n\n## Best Practices:\n- Always include a WHERE clause unless intentionally updating all rows\n- Use meaningful conditions to target specific records\n- Test updates in development environment first\n- Document complex update logic\n- Consider using version control for data changes',4,45,45,'text'),(18,'Delete data from a single table','Remove unwanted records.','# Deleting Data\n\nThe DELETE statement removes rows from a table, either selectively based on conditions or completely.\n\n## Basic Syntax:\n```sql\nDELETE FROM table_name\nWHERE condition;\n```\n\n## Key Components:\n\n**FROM Clause**:\n- Specifies table from which to delete rows\n\n**WHERE Clause**:\n- Filters which rows to delete\n- If omitted, all rows in table are deleted\n- Use with extreme caution\n\n## Practical Examples:\n```sql\n-- Delete specific rows\nDELETE FROM employees \nWHERE employee_id = 101;\n\n-- Delete with condition\nDELETE FROM orders \nWHERE order_date < \'2020-01-01\';\n\n-- Delete using subquery\nDELETE FROM products \nWHERE category_id IN (\n    SELECT category_id \n    FROM categories \n    WHERE discontinued = 1\n);\n\n-- Delete based on another table\nDELETE FROM customers c\nWHERE NOT EXISTS (\n    SELECT 1 \n    FROM orders o \n    WHERE o.customer_id = c.customer_id\n);\n\n-- Delete with JOIN (syntax varies by database)\nDELETE o\nFROM orders o\nJOIN customers c ON o.customer_id = c.customer_id\nWHERE c.country = \'Canada\';\n\n-- Delete all rows from table (DANGEROUS!)\nDELETE FROM temp_log; -- Removes all rows but keeps table structure\n```\n\n## Special Considerations:\n\n**TRUNCATE TABLE**:\n- Alternative to DELETE without WHERE clause\n- Faster for removing all rows\n- Cannot be rolled back in some databases\n- Resets identity/auto-increment values\n\n```sql\nTRUNCATE TABLE temp_log; -- Remove all rows quickly\n```\n\n**Constraints**:\n- DELETE must satisfy all constraints\n- Foreign key constraints may restrict or cascade deletes\n\n**Triggers**:\n- DELETE operations may fire triggers\n- Be aware of trigger behavior\n\n**Transaction Control**:\n- Use transactions for multiple related deletes\n- COMMIT to save changes, ROLLBACK to undo\n\n## Performance Considerations:\n- Index columns used in WHERE clause for better performance\n- For large deletions, consider batching or off-peak execution\n- TRUNCATE is generally faster than DELETE for removing all rows\n- Monitor transaction log growth during large deletions\n\n## Safety Measures:\n\n**Backup First**:\n- Backup table or database before major deletions\n- Consider using temporary tables for testing\n\n**Test with SELECT**:\n- Test WHERE clause with SELECT first to see affected rows\n```sql\nSELECT * FROM orders WHERE order_date < \'2020-01-01\'; -- Test first\nDELETE FROM orders WHERE order_date < \'2020-01-01\';\n```\n\n**Use Transactions**:\n```sql\nBEGIN TRANSACTION;\nDELETE FROM order_items WHERE order_id = 1001;\nDELETE FROM orders WHERE order_id = 1001;\nCOMMIT; -- Or ROLLBACK if needed\n```\n\n**Soft Deletes**:\n- Consider using a \"deleted\" flag instead of physical deletion\n- Allows data recovery and maintains referential integrity\n\n```sql\n-- Instead of DELETE\nUPDATE customers SET is_deleted = 1 WHERE customer_id = 101;\n\n-- Query active records\nSELECT * FROM customers WHERE is_deleted = 0;\n```\n\n**Limit Clause**:\n- Some databases support LIMIT with DELETE\n- Useful for deleting in batches\n\n```sql\n-- MySQL example of batch deletion\nDELETE FROM large_table WHERE condition LIMIT 1000;\n```\n\n## Best Practices:\n- Always include a WHERE clause unless intentionally deleting all rows\n- Use meaningful conditions to target specific records\n- Test deletes in development environment first\n- Consider using soft delete pattern when appropriate\n- Document delete operations, especially in production\n- Implement proper backup and recovery procedures\n\n## Recovery Options:\n- Database backups\n- Transaction log backups\n- Binary logs (MySQL)\n- Flashback technology (Oracle)\n- Always have a recovery plan before performing major deletions',4,30,30,'text'),(19,'Troubleshoot data object management query failures','Resolve errors in table, view, or index operations.','# Troubleshooting Data Object Management\n\nCommon issues and solutions when creating, altering, or dropping database objects like tables, views, and indexes.\n\n## Common Error Categories:\n\n**Syntax Errors**:\n- Incorrect SQL syntax\n- Missing or extra keywords\n- Improper punctuation\n\n**Permission Issues**:\n- Insufficient privileges to create/modify objects\n- Ownership conflicts\n\n**Constraint Violations**:\n- Foreign key constraints\n- Unique constraints\n- Check constraints\n\n**Resource Limitations**:\n- Storage space exhaustion\n- Memory limitations\n- Connection limits\n\n## Specific Issues and Solutions:\n\n### 1. \"Table already exists\" Error:\n**Problem**:\n```sql\nCREATE TABLE employees (id INT, name VARCHAR(50));\n-- Error: Table \'employees\' already exists\n```\n\n**Solutions**:\n```sql\n-- Check if table exists first\nIF NOT EXISTS (SELECT * FROM information_schema.tables \n               WHERE table_name = \'employees\')\nBEGIN\n    CREATE TABLE employees (id INT, name VARCHAR(50));\nEND\n\n-- Or use CREATE TABLE IF NOT EXISTS (if supported)\nCREATE TABLE IF NOT EXISTS employees (id INT, name VARCHAR(50));\n\n-- Or drop table first (DANGEROUS - will lose data!)\nDROP TABLE IF EXISTS employees;\nCREATE TABLE employees (id INT, name VARCHAR(50));\n```\n\n### 2. \"Invalid column name\" Error:\n**Problem**:\n```sql\nALTER TABLE employees ADD COLUMN phone_number VARCHAR(15);\n-- Error: Invalid column name \'phone_number\'\n```\n\n**Solutions**:\n- Check for typos in column name\n- Verify table name is correct\n- Ensure you have ALTER permission on the table\n\n### 3. \"Foreign key constraint fails\" Error:\n**Problem**:\n```sql\nDROP TABLE departments;\n-- Error: Cannot delete or update a parent row: a foreign key constraint fails\n```\n\n**Solutions**:\n```sql\n-- First drop the foreign key constraint\nALTER TABLE employees DROP FOREIGN KEY fk_department;\n\n-- Or drop the dependent table first\nDROP TABLE employees;\nDROP TABLE departments;\n\n-- Or use CASCADE (if supported)\nDROP TABLE departments CASCADE;\n```\n\n### 4. \"Syntax error near\" Messages:\n**Problem**:\n```sql\nCREATE TABLE test (id INT, name VARCHAR(50)\n-- Error: Syntax error near \')\n```\n\n**Solutions**:\n- Check for missing closing parentheses\n- Verify comma placement in column lists\n- Ensure proper quoting of identifiers\n\n### 5. \"Permission denied\" Error:\n**Problem**:\n```sql\nCREATE TABLE audit_log (id INT, action VARCHAR(50));\n-- Error: Permission denied\n```\n\n**Solutions**:\n- Contact database administrator for appropriate privileges\n- Use a different schema/database where you have create rights\n- Verify your current role/permissions\n\n### 6. \"Out of storage space\" Error:\n**Problem**:\n```sql\nCREATE TABLE large_table (id INT, data TEXT);\n-- Error: Out of storage space\n```\n\n**Solutions**:\n- Free up disk space\n- Increase storage allocation\n- Use a different tablespace/filegroup with more space\n\n## Diagnostic Techniques:\n\n**Check Database Logs**:\n- Review error logs for detailed messages\n- Look for related errors that might indicate underlying issues\n\n**Use Information Schema**:\n```sql\n-- Check table existence\nSELECT * FROM information_schema.tables \nWHERE table_name = \'your_table\';\n\n-- Check column existence\nSELECT * FROM information_schema.columns \nWHERE table_name = \'your_table\' AND column_name = \'your_column\';\n\n-- Check constraints\nSELECT * FROM information_schema.table_constraints \nWHERE table_name = \'your_table\';\n```\n\n**Test with Simple Examples**:\n- Create minimal test cases to isolate the problem\n- Verify basic functionality before complex operations\n\n**Check Database Version**:\n- Some syntax may be version-specific\n- Verify supported features in your database version\n\n## Prevention Strategies:\n\n**Use Transaction Control**:\n```sql\nBEGIN TRANSACTION;\n-- Make changes here\n-- Verify everything looks correct\nCOMMIT; -- Or ROLLBACK if issues\n```\n\n**Implement Error Handling**:\n```sql\nBEGIN TRY\n    -- Your DDL statements here\nEND TRY\nBEGIN CATCH\n    -- Handle errors here\n    PRINT \'Error: \' + ERROR_MESSAGE();\nEND CATCH\n```\n\n**Version Control for Schema**:\n- Maintain scripts for all schema changes\n- Use migration tools for controlled deployments\n- Test changes in development before production\n\n**Documentation**:\n- Document all schema changes and dependencies\n- Maintain data dictionary of all database objects\n\n## Tools for Troubleshooting:\n- Database management studios (SSMS, pgAdmin, MySQL Workbench)\n- Schema comparison tools\n- Query analyzers and explain plans\n- Monitoring tools for resource usage\n\n## Best Practices:\n- Always backup before major schema changes\n- Test changes in non-production environments first\n- Use consistent naming conventions\n- Document object dependencies\n- Implement proper error handling in scripts\n- Monitor database performance after changes',5,60,60,'text'),(20,'Troubleshoot data retrieval query failures','Fix issues in SELECT and JOIN queries.','# Troubleshooting Data Retrieval Queries\n\nCommon issues and solutions when SELECT queries fail or return unexpected results.\n\n## Common Error Categories:\n\n**Syntax Errors**:\n- Incorrect SQL syntax\n- Missing or misspelled keywords\n- Improper clause ordering\n\n**Semantic Errors**:\n- Invalid object references\n- Incorrect data type usage\n- Improper function usage\n\n**Performance Issues**:\n- Slow query execution\n- Excessive resource consumption\n- Timeout errors\n\n**Data Issues**:\n- Unexpected NULL values\n- Missing or duplicate data\n- Incorrect filtering logic\n\n## Specific Issues and Solutions:\n\n### 1. \"Invalid column name\" Error:\n**Problem**:\n```sql\nSELECT employe_name FROM employees;\n-- Error: Invalid column name \'employe_name\'\n```\n\n**Solutions**:\n- Check for typos in column names\n- Verify table structure:\n```sql\nSELECT column_name FROM information_schema.columns \nWHERE table_name = \'employees\';\n```\n- Use proper delimiters if column names contain special characters\n\n### 2. \"Invalid object name\" Error:\n**Problem**:\n```sql\nSELECT * FROM employes;\n-- Error: Invalid object name \'employes\'\n```\n\n**Solutions**:\n- Check for typos in table names\n- Verify table existence:\n```sql\nSELECT * FROM information_schema.tables \nWHERE table_name = \'employees\';\n```\n- Check database/schema context\n- Verify permissions on the object\n\n### 3. \"Ambiguous column name\" Error:\n**Problem**:\n```sql\nSELECT id FROM employees JOIN departments ON employees.id = departments.manager_id;\n-- Error: Ambiguous column name \'id\'\n```\n\n**Solutions**:\n- Use table aliases and qualify column names:\n```sql\nSELECT employees.id FROM employees JOIN departments ON employees.id = departments.manager_id;\n```\n- Or use unique column aliases:\n```sql\nSELECT employees.id AS emp_id FROM employees JOIN departments ON employees.id = departments.manager_id;\n```\n\n### 4. \"Conversion failed\" Error:\n**Problem**:\n```sql\nSELECT * FROM orders WHERE order_date = \'2023-13-01\';\n-- Error: Conversion failed when converting date from character string\n```\n\n**Solutions**:\n- Use proper date formats:\n```sql\nSELECT * FROM orders WHERE order_date = \'2023-01-13\';\n```\n- Use explicit conversion functions:\n```sql\nSELECT * FROM orders WHERE order_date = CAST(\'2023-01-13\' AS DATE);\n```\n- Check for invalid data in the table\n\n### 5. \"Divide by zero\" Error:\n**Problem**:\n```sql\nSELECT total_sales / number_of_customers AS avg_sale FROM sales_summary;\n-- Error: Divide by zero error\n```\n\n**Solutions**:\n- Use NULLIF to handle division by zero:\n```sql\nSELECT total_sales / NULLIF(number_of_customers, 0) AS avg_sale FROM sales_summary;\n```\n- Or use CASE statement:\n```sql\nSELECT \n    CASE \n        WHEN number_of_customers = 0 THEN NULL \n        ELSE total_sales / number_of_customers \n    END AS avg_sale \nFROM sales_summary;\n```\n\n### 6. Query Returns No Results (When Expected):\n**Problem**:\n```sql\nSELECT * FROM products WHERE price = 19.99;\n-- Returns no rows, but you know matching data exists\n```\n\n**Solutions**:\n- Check for data type mismatches\n- Consider floating-point precision issues:\n```sql\nSELECT * FROM products WHERE ABS(price - 19.99) < 0.001;\n```\n- Check for trailing/leading spaces in text columns:\n```sql\nSELECT * FROM products WHERE TRIM(product_name) = \'Widget\';\n```\n- Verify case sensitivity:\n```sql\nSELECT * FROM products WHERE LOWER(product_name) = LOWER(\'Widget\');\n```\n\n### 7. Query Returns Too Many Results:\n**Problem**:\n```sql\nSELECT * FROM orders WHERE order_date > \'2023-01-01\';\n-- Returns more rows than expected\n```\n\n**Solutions**:\n- Add additional filter conditions\n- Check date ranges and boundaries\n- Verify JOIN conditions aren\'t creating Cartesian products\n- Use DISTINCT to eliminate duplicates\n\n### 8. Performance Issues:\n**Problem**:\n```sql\nSELECT * FROM large_table WHERE non_indexed_column = \'value\';\n-- Query runs very slowly\n```\n\n**Solutions**:\n- Add indexes on frequently searched columns:\n```sql\nCREATE INDEX idx_non_indexed_column ON large_table(non_indexed_column);\n```\n- Limit the number of returned columns:\n```sql\nSELECT id, name FROM large_table WHERE non_indexed_column = \'value\';\n```\n- Use pagination for large result sets:\n```sql\nSELECT * FROM large_table WHERE non_indexed_column = \'value\' LIMIT 100 OFFSET 0;\n```\n\n## Diagnostic Techniques:\n\n**Use EXPLAIN or Execution Plans**:\n```sql\nEXPLAIN SELECT * FROM employees WHERE department_id = 5;\n```\n\n**Test with Subsets**:\n- Run query with LIMIT to test syntax before full execution\n- Test individual components of complex queries\n\n**Check Data Quality**:\n```sql\n-- Look for NULL values\nSELECT COUNT(*) FROM table WHERE column IS NULL;\n\n-- Check for data inconsistencies\nSELECT DISTINCT status FROM orders;\n```\n\n**Verify Filter Logic**:\n- Test WHERE conditions independently\n- Check operator precedence with parentheses\n\n## Prevention Strategies:\n\n**Parameterized Queries**:\n- Use parameters instead of concatenating values\n- Prevents SQL injection and type conversion issues\n\n**Consistent Data Types**:\n- Ensure application and database use compatible data types\n- Establish clear data type standards\n\n**Query Review Process**:\n- Peer review complex queries\n- Use code formatting tools for readability\n\n**Monitoring and Logging**:\n- Implement query logging for performance analysis\n- Set up alerts for long-running queries\n\n## Best Practices:\n- Always test queries with sample data first\n- Use transactions for data exploration\n- Implement proper error handling\n- Document complex query logic\n- Regularly review and optimize frequently used queries\n- Keep statistics updated for query optimization\n\n## Tools for Troubleshooting:\n- Database management studios with visual explain plans\n- Query profiling tools\n- Performance monitoring dashboards\n- Schema comparison tools\n- Data quality assessment tools',5,60,60,'text'),(21,'Troubleshoot data manipulation query failures','Correct errors in INSERT, UPDATE, or DELETE operations.','# Troubleshooting Data Manipulation Queries\n\nCommon issues and solutions when INSERT, UPDATE, or DELETE queries fail or produce unexpected results.\n\n## Common Error Categories:\n\n**Constraint Violations**:\n- Primary key violations\n- Foreign key violations\n- Unique constraint violations\n- Check constraint violations\n- Not null violations\n\n**Data Type Issues**:\n- Type conversion errors\n- Precision and scale problems\n- Date/time format issues\n\n**Permission Problems**:\n- Insufficient privileges for DML operations\n- Ownership conflicts\n\n**Resource Limitations**:\n- Lock contention and deadlocks\n- Transaction log full\n- Storage space exhaustion\n\n## Specific Issues and Solutions:\n\n### 1. \"Primary key violation\" Error:\n**Problem**:\n```sql\nINSERT INTO employees (id, name) VALUES (101, \'John Doe\');\n-- Error: Violation of PRIMARY KEY constraint\n```\n\n**Solutions**:\n- Check for existing record with same primary key:\n```sql\nSELECT * FROM employees WHERE id = 101;\n```\n- Use auto-incrementing keys when appropriate\n- Generate unique keys using appropriate algorithms\n- Use INSERT IGNORE or ON DUPLICATE KEY UPDATE (MySQL) or MERGE (SQL Server)\n\n### 2. \"Foreign key constraint fails\" Error:\n**Problem**:\n```sql\nINSERT INTO orders (customer_id, amount) VALUES (999, 100.00);\n-- Error: Cannot add or update a child row: a foreign key constraint fails\n```\n\n**Solutions**:\n- Verify the referenced value exists:\n```sql\nSELECT * FROM customers WHERE id = 999;\n```\n- Insert the parent record first\n- Use proper cascade rules in foreign key definitions\n- Temporarily disable constraints if appropriate (and re-enable after)\n\n### 3. \"Cannot insert NULL\" Error:\n**Problem**:\n```sql\nINSERT INTO employees (name, email) VALUES (\'John Doe\', \'john@example.com\');\n-- Error: Cannot insert the value NULL into column \'department_id\'\n```\n\n**Solutions**:\n- Provide values for all NOT NULL columns:\n```sql\nINSERT INTO employees (name, email, department_id) \nVALUES (\'John Doe\', \'john@example.com\', 1);\n```\n- Use DEFAULT constraints where appropriate\n- Modify table to allow NULL if business rules permit\n\n### 4. \"String or binary data would be truncated\" Error:\n**Problem**:\n```sql\nINSERT INTO products (name) VALUES (\'Very long product name that exceeds column length\');\n-- Error: String or binary data would be truncated\n```\n\n**Solutions**:\n- Check column length and adjust data accordingly:\n```sql\nSELECT character_maximum_length \nFROM information_schema.columns \nWHERE table_name = \'products\' AND column_name = \'name\';\n```\n- Truncate the value to fit within column limits\n- Consider altering the column to accommodate longer values\n\n### 5. \"Conversion failed\" Error:\n**Problem**:\n```sql\nUPDATE employees SET salary = \'not a number\' WHERE id = 101;\n-- Error: Conversion failed when converting varchar to numeric\n```\n\n**Solutions**:\n- Ensure data types match column definitions\n- Use explicit casting when necessary:\n```sql\nUPDATE employees SET salary = CAST(\'50000\' AS DECIMAL(10,2)) WHERE id = 101;\n```\n- Validate data before insertion/update\n\n### 6. \"Deadlock\" Error:\n**Problem**:\n```sql\nUPDATE accounts SET balance = balance - 100 WHERE account_id = 101;\n-- Error: Transaction was deadlocked on lock resources\n```\n\n**Solutions**:\n- Implement retry logic in application code\n- Access tables in consistent order across transactions\n- Use lower isolation levels when appropriate\n- Keep transactions short and focused\n- Use query hints to control locking behavior\n\n### 7. \"Timeout\" Error:\n**Problem**:\n```sql\nDELETE FROM large_table WHERE condition;\n-- Error: Timeout expired\n```\n\n**Solutions**:\n- Break operation into smaller batches:\n```sql\nWHILE EXISTS (SELECT 1 FROM large_table WHERE condition)\nBEGIN\n    DELETE TOP (1000) FROM large_table WHERE condition;\nEND\n```\n- Optimize WHERE clause and add indexes\n- Perform during off-peak hours\n- Increase command timeout setting if appropriate\n\n### 8. \"Transaction log full\" Error:\n**Problem**:\n```sql\nUPDATE very_large_table SET column = value;\n-- Error: The transaction log for database is full\n```\n\n**Solutions**:\n- Break operation into smaller transactions\n- Increase log file size or add additional log files\n- Switch to simple recovery model during bulk operations (if appropriate)\n- Backup and truncate the transaction log\n\n## Diagnostic Techniques:\n\n**Check Constraints**:\n```sql\n-- View table constraints\nSELECT * FROM information_schema.table_constraints \nWHERE table_name = \'your_table\';\n\n-- View check constraints\nSELECT * FROM information_schema.check_constraints;\n```\n\n**Examine Data Discrepancies**:\n```sql\n-- Find values that would violate constraints\nSELECT * FROM table WHERE NOT (check_condition);\n```\n\n**Use Transaction Control for Testing**:\n```sql\nBEGIN TRANSACTION;\n-- Test your DML operation here\nROLLBACK; -- Undo changes for testing\n```\n\n**Check Lock Information**:\n- Use sp_who2 (SQL Server) or similar commands to check for blocking\n- Monitor lock wait times and deadlocks\n\n## Prevention Strategies:\n\n**Data Validation**:\n- Validate data before attempting DML operations\n- Use parameterized queries to prevent type conversion issues\n\n**Error Handling**:\n```sql\nBEGIN TRY\n    BEGIN TRANSACTION;\n    -- Your DML operations here\n    COMMIT TRANSACTION;\nEND TRY\nBEGIN CATCH\n    ROLLBACK TRANSACTION;\n    -- Log error details\n    PRINT \'Error: \' + ERROR_MESSAGE();\nEND CATCH\n```\n\n**Batch Processing**:\n- Process large data changes in batches\n- Use appropriate batch sizes based on system capabilities\n\n**Monitoring**:\n- Monitor transaction log size and growth\n- Set up alerts for constraint violations\n- Track deadlock occurrences\n\n## Best Practices:\n- Always test DML operations in non-production environments first\n- Backup critical data before major changes\n- Use transactions appropriately for atomic operations\n- Implement proper indexing for WHERE clauses in UPDATE/DELETE\n- Consider using soft deletes instead of physical deletes\n- Document data modification procedures and dependencies\n- Establish rollback procedures for critical operations\n\n## Tools for Troubleshooting:\n- Database management studios with activity monitors\n- Transaction log readers\n- Lock monitoring tools\n- Performance monitoring dashboards\n- Data comparison tools for verifying changes',5,60,60,'text');
/*!40000 ALTER TABLE `topics` ENABLE KEYS */;
UNLOCK TABLES;

--
-- Table structure for table `topics_completed`
--

DROP TABLE IF EXISTS `topics_completed`;
/*!40101 SET @saved_cs_client     = @@character_set_client */;
/*!50503 SET character_set_client = utf8mb4 */;
CREATE TABLE `topics_completed` (
  `id` int(11) NOT NULL AUTO_INCREMENT,
  `student_id` int(11) DEFAULT NULL,
  `topic_id` int(11) DEFAULT NULL,
  `completed_at` datetime DEFAULT current_timestamp(),
  PRIMARY KEY (`id`),
  KEY `student_id` (`student_id`),
  KEY `topic_id` (`topic_id`),
  CONSTRAINT `topics_completed_ibfk_1` FOREIGN KEY (`student_id`) REFERENCES `users` (`id`),
  CONSTRAINT `topics_completed_ibfk_2` FOREIGN KEY (`topic_id`) REFERENCES `topics` (`id`)
) ENGINE=InnoDB AUTO_INCREMENT=22 DEFAULT CHARSET=utf8mb4 COLLATE=utf8mb4_general_ci;
/*!40101 SET character_set_client = @saved_cs_client */;

--
-- Dumping data for table `topics_completed`
--

LOCK TABLES `topics_completed` WRITE;
/*!40000 ALTER TABLE `topics_completed` DISABLE KEYS */;
INSERT INTO `topics_completed` VALUES (1,1,1,'2025-09-22 17:55:13'),(2,1,2,'2025-09-22 18:23:33'),(3,1,3,'2025-09-22 22:24:19'),(4,1,4,'2025-09-22 22:41:49'),(5,1,5,'2025-09-22 22:44:32'),(6,1,6,'2025-09-22 22:47:11'),(7,3,1,'2025-10-04 12:36:38'),(8,3,2,'2025-10-04 12:38:54'),(9,3,3,'2025-10-04 12:42:44'),(10,3,4,'2025-10-04 12:44:25'),(11,3,5,'2025-10-04 12:46:11'),(12,3,6,'2025-10-04 12:46:42'),(13,3,7,'2025-11-22 18:54:05'),(14,3,8,'2025-11-22 19:18:09'),(15,3,9,'2025-11-22 19:27:01'),(16,6,1,'2025-11-30 12:41:52'),(17,6,2,'2025-11-30 22:06:03'),(18,6,3,'2025-11-30 22:06:53'),(19,6,4,'2025-11-30 22:08:52'),(20,6,5,'2025-11-30 22:09:20'),(21,6,6,'2025-11-30 22:09:46');
/*!40000 ALTER TABLE `topics_completed` ENABLE KEYS */;
UNLOCK TABLES;

--
-- Table structure for table `users`
--

DROP TABLE IF EXISTS `users`;
/*!40101 SET @saved_cs_client     = @@character_set_client */;
/*!50503 SET character_set_client = utf8mb4 */;
CREATE TABLE `users` (
  `id` int(11) NOT NULL AUTO_INCREMENT,
  `first_name` varchar(100) NOT NULL,
  `last_name` varchar(100) NOT NULL,
  `email` varchar(150) NOT NULL,
  `password_hash` varchar(255) NOT NULL,
  `status` enum('pending','active','inactive') DEFAULT 'pending',
  `created_at` datetime DEFAULT current_timestamp(),
  `middle_name` varchar(100) DEFAULT NULL,
  `address` varchar(100) NOT NULL,
  `contact_number` varchar(45) NOT NULL,
  `experience` int(11) DEFAULT 0,
  `intelligent_exp` int(11) DEFAULT NULL,
  `type` enum('learners','admin') NOT NULL,
  `about_me` text DEFAULT NULL,
  `profile_picture` varchar(255) DEFAULT NULL,
  `cover_photo` varchar(255) DEFAULT NULL,
  PRIMARY KEY (`id`),
  UNIQUE KEY `email` (`email`)
) ENGINE=InnoDB AUTO_INCREMENT=7 DEFAULT CHARSET=utf8mb4 COLLATE=utf8mb4_general_ci;
/*!40101 SET character_set_client = @saved_cs_client */;

--
-- Dumping data for table `users`
--

LOCK TABLES `users` WRITE;
/*!40000 ALTER TABLE `users` DISABLE KEYS */;
INSERT INTO `users` VALUES (1,'Juan','Dela Cruz','JuanDelaCruz@gmail.com','$2y$10$onNTPxu315TKycdm9EZQMOvu29o/nsB4FSaLQvwEcDKHOREA7/bm6','pending','2025-09-17 22:39:24','Aguilar','Sta. Isabel Sur City of Ilagan, Isabela','+639919478011',518,202,'learners',NULL,NULL,NULL),(2,'Liam','Cortez','liamCortez@gmail.com','$2y$10$UT9kqbxtl8GKDqPPhNlhcuEzoOHRRvJT.9/qwp5uusAUNXvyd5oLi','pending','2025-09-19 22:32:30','James','Sta. Isabel Sur City of Ilagan, Isabela','+639919477915',0,NULL,'learners',NULL,NULL,NULL),(3,'Juan','Dela Cruz','horiuchiryuta@gmail.com','$2y$10$VuM3udlUORiRpeaN33Lf5OiWA7do2tSCgXHBa.7PpVsJnIWzA0a6.','pending','2025-10-01 05:34:45','Villafuerte','Cauayan City, Isabela','+639123456789',1185,274,'learners','I\'m a passionate learner on a mission to master new skills and collect all the knowledge I can. My journey with ISUtoLearn has been amazing so far, and I\'m excited to see what\'s next! Currently focusing on advancing my skills.','profile_3_1764391564.png',NULL),(5,'Ryuta','Horiuchi','Villafuertetaro@gmail.com','$2y$10$puYx69Jtt480SDwvJE1Mu.OR/lMUmGx8zVEgj8rFiOa.VDUALE/xa','pending','2025-11-22 11:32:38','Villafuerte','Cauayan City, Isabela','+639611394785',0,NULL,'learners',NULL,NULL,NULL),(6,'Jaspher','Fenix','jaspher.fenix081004@gmail.com','$2y$10$CeSY8j4/6kHHZ306fLU7reRXNBUQ2Q/TFNnmtYHBxCr..IU4boTZu','pending','2025-11-30 11:33:05','Guillermo','Sta. Isabel Sur City of Ilagan, Isabela','+639919478011',1243,509,'learners',NULL,NULL,NULL);
/*!40000 ALTER TABLE `users` ENABLE KEYS */;
UNLOCK TABLES;
/*!40103 SET TIME_ZONE=@OLD_TIME_ZONE */;

/*!40101 SET SQL_MODE=@OLD_SQL_MODE */;
/*!40014 SET FOREIGN_KEY_CHECKS=@OLD_FOREIGN_KEY_CHECKS */;
/*!40014 SET UNIQUE_CHECKS=@OLD_UNIQUE_CHECKS */;
/*!40101 SET CHARACTER_SET_CLIENT=@OLD_CHARACTER_SET_CLIENT */;
/*!40101 SET CHARACTER_SET_RESULTS=@OLD_CHARACTER_SET_RESULTS */;
/*!40101 SET COLLATION_CONNECTION=@OLD_COLLATION_CONNECTION */;
/*!40111 SET SQL_NOTES=@OLD_SQL_NOTES */;

-- Dump completed on 2025-12-10  1:50:47
